{"ADMINISTRADOR":{"apellidoP":"Administrador","nombre":"Mr","horario":{"miercoles":{"horaFinal":0,"horaInicial":0,"laboratorios":[]},"martes":{"horaFinal":0,"horaInicial":0,"laboratorios":[]},"lunes":{"horaFinal":900,"horaInicial":600,"laboratorios":[]},"jueves":{"horaInicial":420,"laboratorios":[],"horaFinal":900},"viernes":{"horaInicial":0,"laboratorios":[],"horaFinal":0},"sabado":{"horaInicial":600,"laboratorios":[],"horaFinal":720}},"matricula":"ADMINISTRADOR","apellidoM":"Nuevo","correo":"administrador@upemor.edu.mx","__collections__":{}},"ARAMIREZ":{"apellidoP":"Ramirez","nombre":"Alberto","horario":{"jueves":{"horaInicial":720,"laboratorios":["LS2"],"horaFinal":960},"viernes":{"horaFinal":1200,"horaInicial":900,"laboratorios":["LS2"]},"sabado":{"laboratorios":[],"horaFinal":1200,"horaInicial":1080},"miercoles":{"horaFinal":1020,"horaInicial":780,"laboratorios":["LS2"]},"martes":{"horaFinal":1140,"horaInicial":840,"laboratorios":["LS1","LS3"]},"lunes":{"horaFinal":1020,"horaInicial":420,"laboratorios":["LC","LS1","LS2"]}},"matricula":"ARAMIREZ","apellidoM":"Jimenez","correo":"aramirez@upemor.edu.mx","__collections__":{}},"MRTECNICO":{"nombre":"Profesional","horario":{"lunes":{"horaFinal":0,"horaInicial":0,"laboratorios":[]},"jueves":{"horaFinal":0,"horaInicial":0,"laboratorios":[]},"viernes":{"horaFinal":0,"horaInicial":0,"laboratorios":[]},"sabado":{"horaInicial":0,"laboratorios":[],"horaFinal":0},"miercoles":{"horaFinal":0,"horaInicial":0,"laboratorios":[]},"martes":{"laboratorios":[],"horaFinal":0,"horaInicial":0}},"matricula":"MRTECNICO","apellidoM":"Técnico","correo":"mrtecnico@upemor.edu.mx","apellidoP":"Mr","__collections__":{}}}