{"CVSO160847":{"correo":"cvso160847@upemor.edu.mx","apellidoP":"Cortés ","asistencias":{"2016-IIF-9B-INA":["23-9-2019:F"]},"grupo":"2016-IIF-9C","nombre":"Sinuhé","matricula":"CVSO160847","apellidoM":"Vázquez ","__collections__":{}},"GCLO151861":{"sanciones":[{"estado":2,"motivo":"Motivoo tal y cual","equipo":{"id":"RUGppcYZAmeincoJvJCg","nombre":"PC-16"},"sancion":"Sancioon sda sg sasd","laboratorio":{"clave":"LC","nombre":"Laboratorio de Cómputo"}},{"estado":3,"motivo":"Otor motivo aquí","equipo":{"nombre":"PC-15","id":"BxBYkRSZlHQwwAfmWwxC"},"sancion":"Yes yes yes","laboratorio":{"clave":"LC","nombre":"Laboratorio de Cómputo"}},{"laboratorio":{"nombre":"Laboratorio de Cómputo","clave":"LC"},"estado":3,"motivo":"Huaheuaheu e","equipo":{"nombre":"PC-18","id":"FDdONTWURbhRKV3Wbk2I"},"sancion":"Hu"},{"laboratorio":{"clave":"LC","nombre":"Laboratorio de Cómputo"},"motivo":"Motivooo","fecha":"Tue Oct 22 2019","equipo":{"nombre":"PC-21","id":"7Nnsa2pWcaoYsHT7feU7"},"estado":2,"sancion":"Sancion"},{"sancion":"Otra sanción","laboratorio":{"nombre":"Laboratorio de Cómputo","clave":"LC"},"motivo":"Otro motivo","fecha":"Tue Oct 22 2019","equipo":{"nombre":"PC-24","id":"bOD8sKPLMEE8FmsFPKWV"},"estado":1},{"laboratorio":{"clave":"LC","nombre":"Laboratorio de Cómputo"},"motivo":"Desconecto los cables de la computadora","fecha":"Sat Oct 26 2019","equipo":{"nombre":"PC-20","id":"3GnBhnNf6GJj5FP5NXek"},"estado":2,"sancion":"1 hora en cecam"}],"grupo":"2016-IIF-9B","nombre":"Luis Fernando","matricula":"GCLO151861","apellidoM":"Carranza","correo":"gclo151861@upemor.edu.mx","apellidoP":"Gerónimo","asistencias":{},"__collections__":{"asignaciones":{"2016-IIF-9B-IHC-miercoles-lc":{"clase":{"dia":"miercoles","laboratorio":"lc","horaFinal":1200,"tipo":"Permanente","horaInicial":1080,"id":"2016-IIF-9B-IHC"},"tipo":"Permanente","alumno":{"correo":"gclo151861@upemor.edu.mx","apellidoP":"Gerónimo","nombre":"Luis Fernando","matricula":"GCLO151861","grupoID":"2016-IIF-9B","apellidoM":"Carranza"},"equipo":{"nombre":"PC-15","id":"BxBYkRSZlHQwwAfmWwxC"},"__collections__":{}}}}},"OSMO151234":{"sanciones":[{"laboratorio":{"clave":"LC","nombre":"Laboratorio de Cómputo"},"motivo":"Estuvo jugando videojuegos en el laboratorio","fecha":"Mon Nov 18 2019","equipo":{"nombre":"PC-17","id":"C6fk0loLiKC90uODcvz1"},"estado":1,"sancion":"1 día de cecam: labores asignadas por cecam"}],"grupo":"2016-IIF-9B","nombre":"Marcos Yaxel","matricula":"OSMO151234","apellidoM":"Sánchez","correo":"osmo151234@upemor.edu.mx","apellidoP":"Ortega","asistencias":{},"__collections__":{}},"PRJO151978":{"matricula":"PRJO151978","apellidoM":"Perez","correo":"prjo151978@upemor.edu.mx","apellidoP":"Rodriguez","asistencias":{},"grupo":"2016-IIF-9C","nombre":"Joisue Eduardo","__collections__":{}},"RPJO151978":{"apellidoP":"Rodríguez","asistencias":{"2016-IIF-9B-IHC":["30-10-2019:F"]},"sanciones":[{"sancion":"Ser azul","laboratorio":{"clave":"LC","nombre":"Laboratorio de Cómputo"},"motivo":"Sancionado por ser rojo","fecha":"Tue Oct 22 2019","equipo":{"nombre":"PC-15","id":"BxBYkRSZlHQwwAfmWwxC"},"estado":2}],"grupo":"2016-IIF-9B","nombre":"Josué Eduardo","matricula":"RPJO151978","apellidoM":"Pérez","correo":"rpjo151978@upemor.edu.mx","__collections__":{"asignaciones":{"2016-IIF-9B-IHC-miercoles-lc":{"equipo":{"id":"3GnBhnNf6GJj5FP5NXek","nombre":"PC-20"},"clase":{"horaFinal":1200,"tipo":"Permanente","horaInicial":1080,"id":"2016-IIF-9B-IHC","dia":"miercoles","laboratorio":"lc"},"tipo":"Permanente","alumno":{"nombre":"Josué Eduardo","matricula":"RPJO151978","grupoID":"2016-IIF-9B","apellidoM":"Pérez","correo":"rpjo151978@upemor.edu.mx","apellidoP":"Rodríguez"},"__collections__":{}}}}}}