{"FORMATO-PRACTICAS":{"inputs":[{"type":"text","orden":0,"plural":false,"label":"Clase","generoMasculino":false},{"type":"text","orden":0,"plural":false,"label":"Profesor","generoMasculino":true},{"label":"Carrera","generoMasculino":false,"type":"text","orden":0,"plural":false},{"generoMasculino":true,"type":"text","orden":0,"plural":false,"label":"Grupo"},{"type":"text","orden":0,"plural":false,"label":"Laboratorio","generoMasculino":true},{"type":"text","orden":0,"plural":false,"label":"Titulo","generoMasculino":true}],"__collections__":{}},"NO-AUTORIZADO":{"numero":49,"registros":[{"clase":{"horaFinal":1200,"tipo":"Permanente","horaInicial":420,"id":"2016-IIF-9B-IHC","dia":"lunes","laboratorio":"lc"},"tipo":1,"alumno":{"apellidoM":"Pérez","correo":"rpjo151978@upemor.edu.mx","apellidoP":"Rodríguez","grupo":"2016-IIF-9B","nombre":"Josué Eduardo","matricula":"RPJO151978"},"equipoAsignado":{"nombre":"PC-21","id":"7Nnsa2pWcaoYsHT7feU7"},"laboratorio":"LC","equipoIngresado":{"nombre":"PC-20","id":"3GnBhnNf6GJj5FP5NXek"},"fecha":"Wed Oct 23 2019 23:40:20 GMT-0500 (GMT-05:00)"},{"alumno":{"matricula":"OSMO151234","apellidoM":"Sánchez","correo":"osmo151234@upemor.edu.mx","apellidoP":"Ortega","grupo":"2016-IIF-9B","nombre":"Marcos Yaxel"},"equipoAsignado":{"nombre":"PC-22","id":"gFmpElDAa0mchhLntmam"},"laboratorio":"LC","equipoIngresado":{"nombre":"PC-20","id":"3GnBhnNf6GJj5FP5NXek"},"fecha":"Wed Oct 23 2019 23:41:44 GMT-0500 (GMT-05:00)","clase":{"horaFinal":1200,"tipo":"Permanente","horaInicial":420,"id":"2016-IIF-9B-IHC","dia":"lunes","laboratorio":"lc"},"tipo":1},{"clase":{"dia":"lunes","laboratorio":"ls1","horaFinal":1200,"tipo":"Permanente","horaInicial":420,"id":"2016-IIF-9C-IHC"},"tipo":1,"alumno":{"grupo":"2016-IIF-9C","nombre":"Sinuhé","matricula":"CVSO160847","apellidoM":"Vázquez ","correo":"cvso160847@upemor.edu.mx","apellidoP":"Cortés "},"equipoAsignado":{"nombre":"PC-08","id":"z8GqGAWwiBHmRHpfC6ap"},"laboratorio":"LC","equipoIngresado":{"nombre":"PC-20","id":"3GnBhnNf6GJj5FP5NXek"},"fecha":"Wed Oct 23 2019 23:48:00 GMT-0500 (GMT-05:00)"},{"equipoAsignado":{"id":"3FPCfvjJbkRRmgNEL8wP","nombre":"PC-09"},"laboratorio":"LC","equipoIngresado":{"nombre":"PC-20","id":"3GnBhnNf6GJj5FP5NXek"},"fecha":"Wed Oct 23 2019 23:52:22 GMT-0500 (GMT-05:00)","clase":{"dia":"miercoles","laboratorio":"ls1","horaFinal":660,"tipo":"Permanente","horaInicial":420,"id":"2016-IIF-9B-IHC"},"tipo":1,"alumno":{"grupo":"2016-IIF-9B","nombre":"Luis Fernando","matricula":"GCLO151861","apellidoM":"Carranza","correo":"gclo151861@upemor.edu.mx","apellidoP":"Gerónimo"}},{"alumno":{"correo":"rpjo151978@upemor.edu.mx","apellidoP":"Rodríguez","grupo":"2016-IIF-9B","nombre":"Josué Eduardo","matricula":"RPJO151978","apellidoM":"Pérez"},"laboratorio":"LS1","equipoIngresado":{"nombre":"PC-08","id":"z8GqGAWwiBHmRHpfC6ap"},"fecha":"Sun Oct 27 2019 01:50:46 GMT+0000 (UTC)","tipo":2},{"alumno":{"apellidoP":"Rodríguez","grupo":"2016-IIF-9B","nombre":"Josué Eduardo","matricula":"RPJO151978","apellidoM":"Pérez","correo":"rpjo151978@upemor.edu.mx"},"laboratorio":"LS1","equipoIngresado":{"id":"z8GqGAWwiBHmRHpfC6ap","nombre":"PC-08"},"fecha":"Sun Oct 27 2019 01:51:00 GMT+0000 (UTC)","tipo":2},{"tipo":2,"alumno":{"apellidoM":"Pérez","correo":"rpjo151978@upemor.edu.mx","apellidoP":"Rodríguez","grupo":"2016-IIF-9B","nombre":"Josué Eduardo","matricula":"RPJO151978"},"laboratorio":"LS1","equipoIngresado":{"id":"9blfqksp8WfZMUiOPwtk","nombre":"PC-10"},"fecha":"Sun Oct 27 2019 04:58:46 GMT+0000 (UTC)"},{"tipo":2,"alumno":{"correo":"gclo151861@upemor.edu.mx","apellidoP":"Gerónimo","grupo":"2016-IIF-9B","nombre":"Luis Fernando","matricula":"GCLO151861","apellidoM":"Carranza"},"laboratorio":"LC","equipoIngresado":{"nombre":"PC-20","id":"3GnBhnNf6GJj5FP5NXek"},"fecha":"Sun Oct 27 2019 03:05:30 GMT-0600 (GMT-06:00)"},{"laboratorio":"LS1","equipoIngresado":{"id":"9blfqksp8WfZMUiOPwtk","nombre":"PC-10"},"fecha":"Sun Oct 27 2019 19:33:12 GMT+0000 (UTC)","tipo":2,"alumno":{"grupo":"2016-IIF-9B","nombre":"Josué Eduardo","matricula":"RPJO151978","apellidoM":"Pérez","correo":"rpjo151978@upemor.edu.mx","apellidoP":"Rodríguez"}},{"equipoIngresado":{"nombre":"PC-20","id":"3GnBhnNf6GJj5FP5NXek"},"fecha":"Tue Oct 29 2019 19:38:25 GMT+0000 (UTC)","tipo":2,"alumno":{"apellidoP":"Gerónimo","grupo":"2016-IIF-9B","nombre":"Luis Fernando","matricula":"GCLO151861","apellidoM":"Carranza","correo":"gclo151861@upemor.edu.mx"},"laboratorio":"LC"},{"tipo":2,"alumno":{"grupo":"2016-IIF-9B","nombre":"Josué Eduardo","matricula":"RPJO151978","apellidoM":"Pérez","correo":"rpjo151978@upemor.edu.mx","apellidoP":"Rodríguez"},"laboratorio":"LC","equipoIngresado":{"nombre":"PC-20","id":"3GnBhnNf6GJj5FP5NXek"},"fecha":"Tue Oct 29 2019 13:41:51 GMT-0600 (GMT-06:00)"},{"laboratorio":"LC","equipoIngresado":{"nombre":"PC-20","id":"3GnBhnNf6GJj5FP5NXek"},"fecha":"Tue Oct 29 2019 13:42:00 GMT-0600 (GMT-06:00)","tipo":2,"alumno":{"apellidoP":"Rodríguez","grupo":"2016-IIF-9B","nombre":"Josué Eduardo","matricula":"RPJO151978","apellidoM":"Pérez","correo":"rpjo151978@upemor.edu.mx"}},{"alumno":{"grupo":"2016-IIF-9B","nombre":"Josué Eduardo","matricula":"RPJO151978","apellidoM":"Pérez","correo":"rpjo151978@upemor.edu.mx","apellidoP":"Rodríguez"},"laboratorio":"LC","equipoIngresado":{"nombre":"PC-20","id":"3GnBhnNf6GJj5FP5NXek"},"fecha":"Tue Oct 29 2019 15:27:05 GMT-0600 (GMT-06:00)","tipo":2},{"tipo":2,"alumno":{"matricula":"RPJO151978","apellidoM":"Pérez","correo":"rpjo151978@upemor.edu.mx","apellidoP":"Rodríguez","grupo":"2016-IIF-9B","nombre":"Josué Eduardo"},"laboratorio":"LC","equipoIngresado":{"nombre":"PC-20","id":"3GnBhnNf6GJj5FP5NXek"},"fecha":"Tue Oct 29 2019 15:28:59 GMT-0600 (GMT-06:00)"},{"alumno":{"grupo":"2016-IIF-9B","nombre":"Luis Fernando","matricula":"GCLO151861","apellidoM":"Carranza","correo":"gclo151861@upemor.edu.mx","apellidoP":"Gerónimo"},"laboratorio":"LC","equipoIngresado":{"nombre":"PC-20","id":"3GnBhnNf6GJj5FP5NXek"},"fecha":"Wed Oct 30 2019 04:40:01 GMT-0600 (GMT-06:00)","tipo":2},{"equipoAsignado":{"nombre":"PC-09","id":"3FPCfvjJbkRRmgNEL8wP"},"laboratorio":"LC","equipoIngresado":{"id":"3GnBhnNf6GJj5FP5NXek","nombre":"PC-20"},"fecha":"Wed Oct 30 2019 09:42:41 GMT-0600 (GMT-06:00)","clase":{"dia":"miercoles","laboratorio":"ls1","horaFinal":660,"tipo":"Permanente","horaInicial":420,"id":"2016-IIF-9B-IHC"},"tipo":1,"alumno":{"apellidoM":"Carranza","correo":"gclo151861@upemor.edu.mx","apellidoP":"Gerónimo","grupo":"2016-IIF-9B","nombre":"Luis Fernando","matricula":"GCLO151861"}},{"clase":{"horaInicial":420,"id":"2016-IIF-9B-IHC","dia":"miercoles","laboratorio":"ls1","horaFinal":660,"tipo":"Permanente"},"tipo":1,"alumno":{"apellidoM":"Sánchez","correo":"osmo151234@upemor.edu.mx","apellidoP":"Ortega","grupo":"2016-IIF-9B","nombre":"Marcos Yaxel","matricula":"OSMO151234"},"equipoAsignado":{"nombre":"PC-11","id":"BR3xCzoJoBCj0QlI1WUX"},"laboratorio":"LC","equipoIngresado":{"id":"3GnBhnNf6GJj5FP5NXek","nombre":"PC-20"},"fecha":"Wed Oct 30 2019 09:46:05 GMT-0600 (GMT-06:00)"},{"alumno":{"apellidoP":"Rodríguez","grupo":"2016-IIF-9B","nombre":"Josué Eduardo","matricula":"RPJO151978","apellidoM":"Pérez","correo":"rpjo151978@upemor.edu.mx"},"equipoAsignado":{"nombre":"PC-10","id":"9blfqksp8WfZMUiOPwtk"},"laboratorio":"LC","equipoIngresado":{"nombre":"PC-20","id":"3GnBhnNf6GJj5FP5NXek"},"fecha":"Wed Oct 30 2019 09:47:03 GMT-0600 (GMT-06:00)","clase":{"dia":"miercoles","laboratorio":"ls1","horaFinal":660,"tipo":"Permanente","horaInicial":420,"id":"2016-IIF-9B-IHC"},"tipo":1},{"alumno":{"grupo":"2016-IIF-9B","nombre":"Luis Fernando","matricula":"GCLO151861","apellidoM":"Carranza","correo":"gclo151861@upemor.edu.mx","apellidoP":"Gerónimo"},"equipoAsignado":{"nombre":"PC-18","id":"FDdONTWURbhRKV3Wbk2I"},"laboratorio":"LC","equipoIngresado":{"id":"3GnBhnNf6GJj5FP5NXek","nombre":"PC-20"},"fecha":"Wed Oct 30 2019 10:00:39 GMT-0600 (GMT-06:00)","clase":{"dia":"miercoles","laboratorio":"lc","horaFinal":720,"tipo":"Permanente","horaInicial":600,"id":"2016-IIF-9B-IHC"},"tipo":1},{"tipo":2,"alumno":{"apellidoP":"Ortega","grupo":"2016-IIF-9B","nombre":"Marcos Yaxel","matricula":"OSMO151234","apellidoM":"Sánchez","correo":"osmo151234@upemor.edu.mx"},"laboratorio":"LC","equipoIngresado":{"nombre":"PC-20","id":"3GnBhnNf6GJj5FP5NXek"},"fecha":"Wed Oct 30 2019 10:01:02 GMT-0600 (GMT-06:00)"},{"tipo":2,"alumno":{"grupo":"2016-IIF-9B","nombre":"Josué Eduardo","matricula":"RPJO151978","apellidoM":"Pérez","correo":"rpjo151978@upemor.edu.mx","apellidoP":"Rodríguez"},"laboratorio":"LC","equipoIngresado":{"nombre":"PC-20","id":"3GnBhnNf6GJj5FP5NXek"},"fecha":"Wed Oct 30 2019 18:52:32 GMT+0000 (UTC)"},{"equipoIngresado":{"id":"3GnBhnNf6GJj5FP5NXek","nombre":"PC-20"},"fecha":"Wed Oct 30 2019 21:14:16 GMT+0000 (UTC)","tipo":2,"alumno":{"correo":"rpjo151978@upemor.edu.mx","apellidoP":"Rodríguez","grupo":"2016-IIF-9B","nombre":"Josué Eduardo","matricula":"RPJO151978","apellidoM":"Pérez"},"laboratorio":"LC"},{"alumno":{"apellidoM":"Pérez","correo":"rpjo151978@upemor.edu.mx","apellidoP":"Rodríguez","grupo":"2016-IIF-9B","nombre":"Josué Eduardo","matricula":"RPJO151978"},"laboratorio":"LC","equipoIngresado":{"nombre":"PC-20","id":"3GnBhnNf6GJj5FP5NXek"},"fecha":"Wed Oct 30 2019 21:16:20 GMT+0000 (UTC)","tipo":2},{"alumno":{"grupo":"2016-IIF-9B","nombre":"Josué Eduardo","matricula":"RPJO151978","apellidoM":"Pérez","correo":"rpjo151978@upemor.edu.mx","apellidoP":"Rodríguez"},"laboratorio":"LC","equipoIngresado":{"nombre":"PC-20","id":"3GnBhnNf6GJj5FP5NXek"},"fecha":"Wed Oct 30 2019 21:16:49 GMT+0000 (UTC)","tipo":2},{"equipoIngresado":{"nombre":"PC-20","id":"3GnBhnNf6GJj5FP5NXek"},"fecha":"Wed Oct 30 2019 21:17:41 GMT+0000 (UTC)","tipo":2,"alumno":{"grupo":"2016-IIF-9B","nombre":"Josué Eduardo","matricula":"RPJO151978","apellidoM":"Pérez","correo":"rpjo151978@upemor.edu.mx","apellidoP":"Rodríguez"},"laboratorio":"LC"},{"laboratorio":"LC","equipoIngresado":{"nombre":"PC-20","id":"3GnBhnNf6GJj5FP5NXek"},"fecha":"Wed Oct 30 2019 21:18:26 GMT+0000 (UTC)","tipo":2,"alumno":{"grupo":"2016-IIF-9B","nombre":"Josué Eduardo","matricula":"RPJO151978","apellidoM":"Pérez","correo":"rpjo151978@upemor.edu.mx","apellidoP":"Rodríguez"}},{"tipo":2,"alumno":{"apellidoP":"Rodríguez","grupo":"2016-IIF-9B","nombre":"Josué Eduardo","matricula":"RPJO151978","apellidoM":"Pérez","correo":"rpjo151978@upemor.edu.mx"},"laboratorio":"LC","equipoIngresado":{"id":"3GnBhnNf6GJj5FP5NXek","nombre":"PC-20"},"fecha":"Wed Oct 30 2019 21:19:35 GMT+0000 (UTC)"},{"alumno":{"grupo":"2016-IIF-9B","nombre":"Josué Eduardo","matricula":"RPJO151978","apellidoM":"Pérez","correo":"rpjo151978@upemor.edu.mx","apellidoP":"Rodríguez"},"laboratorio":"LC","equipoIngresado":{"nombre":"PC-20","id":"3GnBhnNf6GJj5FP5NXek"},"fecha":"Wed Oct 30 2019 21:21:07 GMT+0000 (UTC)","tipo":2},{"equipoIngresado":{"nombre":"PC-20","id":"3GnBhnNf6GJj5FP5NXek"},"fecha":"Wed Oct 30 2019 21:22:12 GMT+0000 (UTC)","tipo":2,"alumno":{"correo":"rpjo151978@upemor.edu.mx","apellidoP":"Rodríguez","grupo":"2016-IIF-9B","nombre":"Josué Eduardo","matricula":"RPJO151978","apellidoM":"Pérez"},"laboratorio":"LC"},{"laboratorio":"LC","equipoIngresado":{"nombre":"PC-20","id":"3GnBhnNf6GJj5FP5NXek"},"fecha":"Wed Oct 30 2019 21:23:11 GMT+0000 (UTC)","tipo":2,"alumno":{"grupo":"2016-IIF-9B","nombre":"Josué Eduardo","matricula":"RPJO151978","apellidoM":"Pérez","correo":"rpjo151978@upemor.edu.mx","apellidoP":"Rodríguez"}},{"laboratorio":"LC","equipoIngresado":{"nombre":"PC-20","id":"3GnBhnNf6GJj5FP5NXek"},"fecha":"Wed Oct 30 2019 21:23:47 GMT+0000 (UTC)","tipo":2,"alumno":{"correo":"rpjo151978@upemor.edu.mx","apellidoP":"Rodríguez","grupo":"2016-IIF-9B","nombre":"Josué Eduardo","matricula":"RPJO151978","apellidoM":"Pérez"}},{"laboratorio":"LC","equipoIngresado":{"nombre":"PC-20","id":"3GnBhnNf6GJj5FP5NXek"},"fecha":"Wed Oct 30 2019 21:24:57 GMT+0000 (UTC)","tipo":2,"alumno":{"grupo":"2016-IIF-9B","nombre":"Josué Eduardo","matricula":"RPJO151978","apellidoM":"Pérez","correo":"rpjo151978@upemor.edu.mx","apellidoP":"Rodríguez"}},{"equipoIngresado":{"nombre":"PC-20","id":"3GnBhnNf6GJj5FP5NXek"},"fecha":"Wed Oct 30 2019 21:26:21 GMT+0000 (UTC)","tipo":2,"alumno":{"matricula":"RPJO151978","apellidoM":"Pérez","correo":"rpjo151978@upemor.edu.mx","apellidoP":"Rodríguez","grupo":"2016-IIF-9B","nombre":"Josué Eduardo"},"laboratorio":"LC"},{"tipo":2,"alumno":{"correo":"rpjo151978@upemor.edu.mx","apellidoP":"Rodríguez","grupo":"2016-IIF-9B","nombre":"Josué Eduardo","matricula":"RPJO151978","apellidoM":"Pérez"},"laboratorio":"LC","equipoIngresado":{"id":"3GnBhnNf6GJj5FP5NXek","nombre":"PC-20"},"fecha":"Wed Oct 30 2019 21:26:48 GMT+0000 (UTC)"},{"tipo":2,"alumno":{"grupo":"2016-IIF-9B","nombre":"Josué Eduardo","matricula":"RPJO151978","apellidoM":"Pérez","correo":"rpjo151978@upemor.edu.mx","apellidoP":"Rodríguez"},"laboratorio":"LC","equipoIngresado":{"nombre":"PC-20","id":"3GnBhnNf6GJj5FP5NXek"},"fecha":"Wed Oct 30 2019 21:26:59 GMT+0000 (UTC)"},{"equipoIngresado":{"nombre":"PC-20","id":"3GnBhnNf6GJj5FP5NXek"},"fecha":"Wed Oct 30 2019 21:27:32 GMT+0000 (UTC)","tipo":2,"alumno":{"matricula":"RPJO151978","apellidoM":"Pérez","correo":"rpjo151978@upemor.edu.mx","apellidoP":"Rodríguez","grupo":"2016-IIF-9B","nombre":"Josué Eduardo"},"laboratorio":"LC"},{"equipoIngresado":{"nombre":"PC-20","id":"3GnBhnNf6GJj5FP5NXek"},"fecha":"Wed Oct 30 2019 21:27:36 GMT+0000 (UTC)","tipo":2,"alumno":{"grupo":"2016-IIF-9B","nombre":"Josué Eduardo","matricula":"RPJO151978","apellidoM":"Pérez","correo":"rpjo151978@upemor.edu.mx","apellidoP":"Rodríguez"},"laboratorio":"LC"},{"tipo":2,"alumno":{"apellidoM":"Pérez","correo":"rpjo151978@upemor.edu.mx","apellidoP":"Rodríguez","grupo":"2016-IIF-9B","nombre":"Josué Eduardo","matricula":"RPJO151978"},"laboratorio":"LC","equipoIngresado":{"nombre":"PC-20","id":"3GnBhnNf6GJj5FP5NXek"},"fecha":"Wed Oct 30 2019 21:28:20 GMT+0000 (UTC)"},{"alumno":{"grupo":"2016-IIF-9B","nombre":"Luis Fernando","matricula":"GCLO151861","apellidoM":"Carranza","correo":"gclo151861@upemor.edu.mx","apellidoP":"Gerónimo"},"laboratorio":"LC","equipoIngresado":{"nombre":"PC-20","id":"3GnBhnNf6GJj5FP5NXek"},"fecha":"Wed Oct 30 2019 21:32:00 GMT+0000 (UTC)","tipo":2},{"tipo":2,"alumno":{"apellidoM":"Pérez","correo":"rpjo151978@upemor.edu.mx","apellidoP":"Rodríguez","grupo":"2016-IIF-9B","nombre":"Josué Eduardo","matricula":"RPJO151978"},"laboratorio":"LC","equipoIngresado":{"nombre":"PC-20","id":"3GnBhnNf6GJj5FP5NXek"},"fecha":"Wed Oct 30 2019 21:36:16 GMT+0000 (UTC)"},{"equipoIngresado":{"nombre":"PC-20","id":"3GnBhnNf6GJj5FP5NXek"},"fecha":"Sat Nov 16 2019 15:42:12 GMT-0600 (CST)","tipo":2,"alumno":{"grupo":"2016-IIF-9B","nombre":"Josué Eduardo","matricula":"RPJO151978","apellidoM":"Pérez","correo":"rpjo151978@upemor.edu.mx","apellidoP":"Rodríguez"},"laboratorio":"LC"},{"laboratorio":"LC","equipoIngresado":{"id":"3GnBhnNf6GJj5FP5NXek","nombre":"PC-20"},"fecha":"Sat Nov 16 2019 16:40:52 GMT-0600 (CST)","tipo":2,"alumno":{"grupo":"2016-IIF-9B","nombre":"Luis Fernando","matricula":"GCLO151861","apellidoM":"Carranza","correo":"gclo151861@upemor.edu.mx","apellidoP":"Gerónimo"}},{"tipo":2,"alumno":{"grupo":"2016-IIF-9B","nombre":"Luis Fernando","matricula":"GCLO151861","apellidoM":"Carranza","correo":"gclo151861@upemor.edu.mx","apellidoP":"Gerónimo"},"laboratorio":"LC","equipoIngresado":{"id":"FDdONTWURbhRKV3Wbk2I","nombre":"PC-18"},"fecha":"Mon Nov 18 2019 15:19:20 GMT-0600 (CST)"},{"tipo":2,"alumno":{"grupo":"2016-IIF-9B","nombre":"Josué Eduardo","matricula":"RPJO151978","apellidoM":"Pérez","correo":"rpjo151978@upemor.edu.mx","apellidoP":"Rodríguez"},"laboratorio":"LC","equipoIngresado":{"nombre":"PC-20","id":"3GnBhnNf6GJj5FP5NXek"},"fecha":"Tue Nov 19 2019 01:33:18 GMT-0600 (CST)"},{"equipoIngresado":{"nombre":"PC-20","id":"3GnBhnNf6GJj5FP5NXek"},"fecha":"Tue Nov 19 2019 02:20:18 GMT-0600 (CST)","tipo":2,"alumno":{"grupo":"2016-IIF-9B","nombre":"Josué Eduardo","matricula":"RPJO151978","apellidoM":"Pérez","correo":"rpjo151978@upemor.edu.mx","apellidoP":"Rodríguez"},"laboratorio":"LC"},{"alumno":{"grupo":"2016-IIF-9B","nombre":"Josué Eduardo","matricula":"RPJO151978","apellidoM":"Pérez","correo":"rpjo151978@upemor.edu.mx","apellidoP":"Rodríguez"},"laboratorio":"LC","equipoIngresado":{"id":"3GnBhnNf6GJj5FP5NXek","nombre":"PC-20"},"fecha":"Tue Nov 19 2019 03:51:00 GMT-0600 (CST)","tipo":2},{"laboratorio":"LC","equipoIngresado":{"nombre":"PC-20","id":"3GnBhnNf6GJj5FP5NXek"},"fecha":"Tue Nov 19 2019 03:53:42 GMT-0600 (CST)","tipo":2,"alumno":{"apellidoP":"Rodríguez","grupo":"2016-IIF-9B","nombre":"Josué Eduardo","matricula":"RPJO151978","apellidoM":"Pérez","correo":"rpjo151978@upemor.edu.mx"}},{"tipo":2,"alumno":{"grupo":"2016-IIF-9B","nombre":"Josué Eduardo","matricula":"RPJO151978","apellidoM":"Pérez","correo":"rpjo151978@upemor.edu.mx","apellidoP":"Rodríguez"},"laboratorio":"LC","equipoIngresado":{"nombre":"PC-20","id":"3GnBhnNf6GJj5FP5NXek"},"fecha":"Tue Nov 19 2019 03:54:32 GMT-0600 (CST)"},{"alumno":{"apellidoP":"Gerónimo","grupo":"2016-IIF-9B","nombre":"Luis Fernando","matricula":"GCLO151861","apellidoM":"Carranza","correo":"gclo151861@upemor.edu.mx"},"laboratorio":"LC","equipoIngresado":{"id":"FDdONTWURbhRKV3Wbk2I","nombre":"PC-18"},"fecha":"Tue Nov 26 2019 20:55:45 GMT-0600 (CST)","tipo":2}],"__collections__":{}},"PRACTICAS":{"registros":[{"carrera":"CARRERA","laboratorio":"LAB","clase":"CLASE","profesor":"PROF","grupo":"GRUPO"},{"clase":"Interacción humano computadora","profesor":"Alondra Valdez Ulloa","grupo":"9B","carrera":"IIF","laboratorio":"LC"},{"carrera":"INformática","laboratorio":"LS1","profesor":"Aulloa","clase":"9B-IHC","grupo":"9B","titulo":"Titulo"}],"__collections__":{}}}