{"IIF":{"cuatrimestresCol":{},"nombre":"Ingeniería en Informática","cuatrimestres":12,"clave":"IIF","__collections__":{"cuatrimestres":{"1":{"materias":{"MAT":{"clave":"MAT","nombre":"MATEMÁTICAS"},"INGI":{"clave":"INGI","nombre":"INGLÉS I"},"FUF":{"clave":"FUF","nombre":"FUNDAMENTOS DE FÍSICA"},"VAS":{"clave":"VAS","nombre":"VALORES DEL SER"},"LOP":{"clave":"LOP","nombre":"LÓGICA DE PROGRAMACIÓN"},"INH":{"nombre":"INGENIERÍA DE HARDWARE","clave":"INH"}},"cuatrimestre":1,"__collections__":{}},"2":{"materias":{"ADC":{"clave":"ADC","nombre":"ADMINISTRACIÓN Y CONTABILIDAD"},"INE":{"clave":"INE","nombre":"INTELIGENCIA EMOCIONAL"},"MEC":{"clave":"MEC","nombre":"MANTENIMIENTO DE EQUIPO DE COMPUTO"},"INGII":{"clave":"INGII","nombre":"INGLÉS II"},"CDI":{"clave":"CDI","nombre":"CÁLCULO DIFERENCIAL E INTEGRAL"},"FPE":{"clave":"FPE","nombre":"FUNDAMENTOS DE PROGRAMACIÓN ESTRUCTURADA"}},"cuatrimestre":2,"__collections__":{}},"3":{"materias":{"ANS":{"clave":"ANS","nombre":"ANÁLISIS DE SISTEMAS"}},"cuatrimestre":3,"__collections__":{}},"4":{"materias":{"CLAVE":{"nombre":"Materia","clave":"CLAVE"}},"cuatrimestre":4,"__collections__":{}},"6":{"materias":{"ETP":{"clave":"ETP","nombre":"Ética Profesional","tipo":"TR"},"INGVI":{"clave":"INGVI","nombre":"Inglés VI","tipo":"TR"},"BDD":{"nombre":"Bases de Datos Distribuidas","tipo":"ES","clave":"BDD"},"DRC":{"nombre":"Diseño de Redes de Computadoras","tipo":"ES","clave":"DRC"},"SIO":{"clave":"SIO","nombre":"Sistemas Operativos","tipo":"ES"},"ISA":{"nombre":"Ingeniería de Software Aplicada","tipo":"ES","clave":"ISA"}},"cuatrimestre":6,"__collections__":{}},"7":{"materias":{"CRC":{"clave":"CRC","nombre":"Configuración de Redes de Computadoras","tipo":"ES"},"INGVII":{"clave":"INGVII","nombre":"Inglés VII","tipo":"TR"},"HEW":{"clave":"HEW","nombre":"Herramientas Web","tipo":"ES"},"GPT":{"clave":"GPT","nombre":"Gestión de Proyectos de Tecnología","tipo":"CV"},"ETS":{"nombre":"Estancia II","tipo":"TR","clave":"ETS"}},"cuatrimestre":7,"__collections__":{}},"8":{"materias":{"VIE":{"clave":"VIE","nombre":"Visión Empresarial","tipo":"ES"},"INGVIII":{"clave":"INGVIII","nombre":"Inglés VIII","tipo":"TR"},"PRI":{"clave":"PRI","nombre":"Programación en Internet","tipo":"ES"},"ARC":{"clave":"ARC","nombre":"Administración de Redes de Computadoras","tipo":"ES"},"INO":{"nombre":"Investigación de Operaciones","tipo":"CV","clave":"INO"},"PRA":{"clave":"PRA","nombre":"Programación Avanzada","tipo":"ES"}},"cuatrimestre":8,"__collections__":{}},"9":{"materias":{"INA":{"clave":"INA","nombre":"Investigación Aplicada","tipo":"ES"},"IHC":{"clave":"IHC","nombre":"Interacción Humano-Computadora","tipo":"ES"},"SII":{"clave":"SII","nombre":"Sistemas Integrales de Información","tipo":"ES"},"AFI":{"clave":"AFI","nombre":"Administración de la Función Informática","tipo":"ES"},"INGIX":{"clave":"INGIX","nombre":"Inglés IX","tipo":"TR"},"REG":{"clave":"REG","nombre":"Temas Selectos de Redes","tipo":"ES"}},"cuatrimestre":9,"__collections__":{}},"10":{"materias":{"ETD":{"clave":"ETD","nombre":"Estadía","tipo":"TR"}},"cuatrimestre":10,"__collections__":{}},"12":{"materias":{"NVA":{"nombre":"Materia Nueva","clave":"NVA"}},"cuatrimestre":12,"__collections__":{}}}}},"ITI":{"nombre":"Ingeniería en Tecnologías de la Información","cuatrimestres":10,"clave":"ITI","__collections__":{}},"LAE":{"cuatrimestres":10,"clave":"LAE","nombre":"Licenciatura en Administración Empresarial","__collections__":{}},"LAG":{"clave":"LAG","nombre":"Licenciatura en Administración y Gestión","cuatrimestres":10,"__collections__":{}}}