{"comunes":{"idDisponible":7,"items":[{"titulo":"No hay conexión a Internet","tipo":2,"id":2},{"titulo":"El ratón no funciona correctamente","tipo":2,"id":3},{"titulo":"El teclado no funciona correctamente","tipo":2,"id":4},{"titulo":"No está instalada una aplicación que me interesa.","tipo":3,"id":5},{"titulo":"Otro","tipo":4,"id":6}],"__collections__":{}},"tipos":{"idDisponible":5,"items":[{"id":2,"titulo":"Hardware"},{"titulo":"Software","id":3},{"id":4,"titulo":"Otro"}],"__collections__":{}},"urgencias":{"idDisponible":6,"items":[{"id":1,"unidad":"semana","tiempo":2,"titulo":"NO APLICA"},{"titulo":"BAJA","id":2,"unidad":"semana","tiempo":1},{"id":3,"unidad":"dia","tiempo":4,"titulo":"MEDIA"},{"titulo":"ALTA","id":4,"unidad":"hora","tiempo":3},{"id":5,"unidad":"minuto","tiempo":30,"titulo":"URGENTÍSIMO"}],"__collections__":{}}}