{"2016-IIF-9B-AFI":{"materiaID":"AFI","grupoID":"2016-IIF-9B","carreraID":"IIF","tipo":"Permanente","claseID":"2016-IIF-9B-AFI","profesorID":"VGARCIA","configuracion":{"minFalta":15,"minRetardo":10},"alumnos":["GCLO151861","RPJO151978","OSMO151234"],"horario":null,"cuatrimestre":"9","laboratorios":[],"profesor":"Venus Karina García González","materia":"Administración de la Función Informática (AFI)","dias":[],"__collections__":{}},"2016-IIF-9B-IHC":{"horario":{"miercoles-lc":{"horaInicial":1080,"horaFinal":1200}},"cuatrimestre":"9","laboratorios":["LC"],"profesor":"Alondra Ulloa Valdez","materia":"Interacción Humano-Computadora (IHC)","dias":["miercoles-lc"],"materiaID":"IHC","grupoID":"2016-IIF-9B","carreraID":"IIF","tipo":"Permanente","claseID":"2016-IIF-9B-IHC","profesorID":"AULLOA","configuracion":{"minFalta":15,"minRetardo":10},"alumnos":["GCLO151861","RPJO151978","OSMO151234"],"__collections__":{}},"2016-IIF-9B-INA":{"alumnos":["GCLO151861","RPJO151978","OSMO151234"],"horario":null,"cuatrimestre":"9","laboratorios":[],"profesor":"Rosario Eloisa Huerta","materia":"Investigación Aplicada (INA)","dias":[],"materiaID":"INA","grupoID":"2016-IIF-9B","carreraID":"IIF","tipo":"Permanente","claseID":"2016-IIF-9B-INA","profesorID":"RHUERTA","configuracion":{"minFalta":15,"minRetardo":10},"__collections__":{}},"2016-IIF-9B-INGIX":{"profesor":"Josefina Contreras Sánchez","materia":"Inglés IX (INGIX)","dias":[],"materiaID":"INGIX","grupoID":"2016-IIF-9B","carreraID":"IIF","tipo":"Permanente","claseID":"2016-IIF-9B-INGIX","profesorID":"JCONTRERAS","configuracion":{"minFalta":15,"minRetardo":10},"alumnos":["GCLO151861","RPJO151978","OSMO151234"],"horario":null,"cuatrimestre":"9","laboratorios":[],"__collections__":{}},"2016-IIF-9B-REG":{"horario":null,"cuatrimestre":"9","laboratorios":[],"profesor":"Jesús Enrique Zagal Solano","materia":"Temas Selectos de Redes (REG)","dias":[],"materiaID":"REG","grupoID":"2016-IIF-9B","carreraID":"IIF","tipo":"Permanente","claseID":"2016-IIF-9B-REG","profesorID":"JZAGAL","configuracion":{"minRetardo":10,"minFalta":15},"alumnos":["GCLO151861","RPJO151978","OSMO151234"],"__collections__":{}},"2016-IIF-9B-SII":{"materia":"Sistemas Integrales de Información (SII)","dias":[],"materiaID":"SII","grupoID":"2016-IIF-9B","carreraID":"IIF","tipo":"Permanente","claseID":"2016-IIF-9B-SII","profesorID":"JZAGAL","configuracion":{"minFalta":15,"minRetardo":10},"alumnos":["GCLO151861","RPJO151978","OSMO151234"],"horario":null,"cuatrimestre":"9","laboratorios":[],"profesor":"Jesús Enrique Zagal Solano","__collections__":{}},"2016-IIF-9C-IHC":{"configuracion":{"minRetardo":10,"minFalta":15},"alumnos":["CVSO160847","TEST123456","PRJO151978"],"horario":null,"cuatrimestre":"9","laboratorios":[],"profesor":"Alondra Ulloa Valdez","materia":"Interacción Humano-Computadora (IHC)","dias":[],"materiaID":"IHC","grupoID":"2016-IIF-9C","carreraID":"IIF","tipo":"Permanente","claseID":"2016-IIF-9C-IHC","profesorID":"AULLOA","__collections__":{}},"2016-IIF-9C-REG":{"alumnos":["CVSO160847","TEST123456","PRJO151978"],"horario":null,"cuatrimestre":"9","laboratorios":[],"profesor":"Jesús Javier Almazán Sánchez","materia":"Temas Selectos de Redes (REG)","dias":[],"materiaID":"REG","grupoID":"2016-IIF-9C","carreraID":"IIF","tipo":"Permanente","claseID":"2016-IIF-9C-REG","profesorID":"JALMAZAN","configuracion":{"minFalta":15,"minRetardo":10},"__collections__":{}},"2017-IIF-6B-BDD":{"materiaID":"BDD","grupoID":"2017-IIF-6B","carreraID":"IIF","tipo":"Permanente","claseID":"2017-IIF-6B-BDD","profesorID":"DHERNANDEZR","configuracion":{"minFalta":15,"minRetardo":10},"alumnos":[],"horario":null,"cuatrimestre":"6","laboratorios":[],"profesor":"Deny Lizbeth Hernández Rabadán","materia":"Bases de Datos Distribuidas (BDD)","dias":[],"__collections__":{}}}