{"05RWrsGApiTRhA6zo82N":{"unidad":"GB","marca":"Kingston","nombre":"2GB Kingston","cantidad":2,"tipo":"ram","__collections__":{}},"5xmnLLI2Iwj8499XHrnx":{"nombre":"Nvidia GTX 1080 3GB","cantidad":3,"tipo":"tarjetaDeVideo","unidad":"GB","marca":"Nvidia","__collections__":{}},"6JguLbZO7gBat3nPmUCF":{"nombre":"16GB Kingston","cantidad":16,"tipo":"ram","unidad":"GB","marca":"Kingston","__collections__":{}},"7B7qOCHvaMPPt3Qzqctw":{"nombre":"8GB Kingston","cantidad":8,"tipo":"ram","unidad":"GB","marca":"Kingston","__collections__":{}},"8xou4NKg2oUHuBPE9R9w":{"nombre":"T. Video 2GB 2019","cantidad":2,"tipo":"tarjetaDeVideo","unidad":"GB","marca":"UpeNvidia","__collections__":{}},"PPwH9q84o6SUBN2Jqb7s":{"nombre":"Microsoft SideWinder 4X Keyboard","tipo":"teclado","marca":"Microsoft","__collections__":{}},"Q7ShGDE08BAIin30XuMc":{"marca":"SATA","nombre":"SATA 500GB","cantidad":500,"tipo":"discoDuro","unidad":"GB","__collections__":{}},"QJ5z9mdB1mIUMCSPc3w2":{"nombre":"Fórmula X","tipo":"tarjetaMadre","marca":"Marca","__collections__":{}},"R8RodlB3rYmQeOUiOA2e":{"marca":"AsRock","nombre":"Conroe 1333","tipo":"tarjetaMadre","__collections__":{}},"WIyg5R5gB6GpWitcLt2F":{"velocidad":"3.0GHz","marca":"Intel","nombre":"Intel Pentium 3.0GHz 2 Núcleos","tipo":"procesador","__collections__":{}},"bKtDboJi7wlKRfvtli1y":{"marca":"IBM","nombre":"Monitor IBM X","tipo":"monitor","__collections__":{}},"jQIJT50sv0ZNMy3p1pWd":{"nombre":"v50 Inalámbrico","tipo":"raton","marca":"v50","__collections__":{}},"lbT8p8ui1ruIoGuj97a0":{"nombre":"Monitor SVGA","tipo":"monitor","pulgadas":"20","marca":"SVGA Color Display","resolucion":"1280x900","__collections__":{}},"tXFp6asZoSAojgB2f76d":{"marca":"Marca","nombre":"Formula B","tipo":"tarjetaMadre","__collections__":{}},"wOSsGRAvZLQFZzgV26pN":{"marca":"Cooler Master","nombre":"Cooler Master 500W","tipo":"fuenteDePoder","capacidad":"500W","__collections__":{}},"xjzMs8VR9y4Zmm4cEp4W":{"nombre":"1TB SATA","cantidad":1,"tipo":"discoDuro","unidad":"TB","marca":"SATA","__collections__":{}}}