{"1WCknQDlaDxmerkBLPS1":{"incidenciasReportadas":0,"monitor":{"marca":"IBM","estado":1,"nombre":"Monitor IBM X","tipo":"monitor","id":"bKtDboJi7wlKRfvtli1y"},"raton":{"nombre":"v50 Inalámbrico","tipo":"raton","id":"jQIJT50sv0ZNMy3p1pWd","marca":"v50","estado":1},"procesador":{"tipo":"procesador","id":"WIyg5R5gB6GpWitcLt2F","marca":"Intel","estado":1,"nombre":"Intel Pentium 3.0GHz 2 Núcleos","velocidad":"3.0GHz"},"discoDuro":{"id":"xjzMs8VR9y4Zmm4cEp4W","unidad":"TB","marca":"SATA","estado":1,"nombre":"1TB SATA","cantidad":1,"tipo":"discoDuro"},"tarjetaMadre":{"nombre":"Fórmula X","tipo":"tarjetaMadre","id":"QJ5z9mdB1mIUMCSPc3w2","marca":"Marca","estado":1},"nombre":"PC-14","ram":{"tipo":"ram","id":"6JguLbZO7gBat3nPmUCF","unidad":"GB","marca":"Kingston","estado":1,"nombre":"16GB Kingston","cantidad":16},"laboratorio":"LC","teclado":{"id":"PPwH9q84o6SUBN2Jqb7s","marca":"Microsoft","estado":1,"nombre":"Microsoft SideWinder 4X Keyboard","tipo":"teclado"},"tarjetaDeVideo":{"estado":1,"nombre":"Nvidia GTX 1080 3GB","cantidad":3,"tipo":"tarjetaDeVideo","id":"5xmnLLI2Iwj8499XHrnx","unidad":"GB","marca":"Nvidia"},"estado":1,"fuenteDePoder":{"marca":"Cooler Master","estado":1,"nombre":"Cooler Master 500W","capacidad":"500W","tipo":"fuenteDePoder","id":"wOSsGRAvZLQFZzgV26pN"},"__collections__":{}},"286zmNMOKrC7cIuIMwn8":{"tarjetaDeVideo":{"nombre":"Nvidia GTX 1080 3GB","cantidad":3,"tipo":"tarjetaDeVideo","id":"5xmnLLI2Iwj8499XHrnx","unidad":"GB","marca":"Nvidia","estado":1},"estado":1,"fuenteDePoder":{"tipo":"fuenteDePoder","id":"wOSsGRAvZLQFZzgV26pN","marca":"Cooler Master","estado":1,"nombre":"Cooler Master 500W","capacidad":"500W"},"incidenciasReportadas":0,"monitor":{"estado":1,"nombre":"Monitor IBM X","tipo":"monitor","id":"bKtDboJi7wlKRfvtli1y","marca":"IBM"},"raton":{"id":"jQIJT50sv0ZNMy3p1pWd","marca":"v50","estado":1,"nombre":"v50 Inalámbrico","tipo":"raton"},"procesador":{"id":"WIyg5R5gB6GpWitcLt2F","marca":"Intel","estado":1,"nombre":"Intel Pentium 3.0GHz 2 Núcleos","velocidad":"3.0GHz","tipo":"procesador"},"discoDuro":{"nombre":"SATA 500GB","cantidad":500,"tipo":"discoDuro","id":"Q7ShGDE08BAIin30XuMc","unidad":"GB","marca":"SATA","estado":1},"tarjetaMadre":{"nombre":"Fórmula X","tipo":"tarjetaMadre","id":"QJ5z9mdB1mIUMCSPc3w2","marca":"Marca","estado":1},"nombre":"PC-06","ram":{"estado":1,"nombre":"8GB Kingston","cantidad":8,"tipo":"ram","id":"7B7qOCHvaMPPt3Qzqctw","unidad":"GB","marca":"Kingston"},"laboratorio":"LS2","teclado":{"nombre":"Microsoft SideWinder 4X Keyboard","tipo":"teclado","id":"PPwH9q84o6SUBN2Jqb7s","marca":"Microsoft","estado":1},"__collections__":{}},"3FPCfvjJbkRRmgNEL8wP":{"teclado":{"id":"PPwH9q84o6SUBN2Jqb7s","marca":"Microsoft","estado":1,"nombre":"Microsoft SideWinder 4X Keyboard","tipo":"teclado"},"tarjetaDeVideo":{"id":"5xmnLLI2Iwj8499XHrnx","unidad":"GB","marca":"Nvidia","estado":1,"nombre":"Nvidia GTX 1080 3GB","cantidad":3,"tipo":"tarjetaDeVideo"},"estado":1,"fuenteDePoder":{"capacidad":"500W","tipo":"fuenteDePoder","id":"wOSsGRAvZLQFZzgV26pN","marca":"Cooler Master","estado":1,"nombre":"Cooler Master 500W"},"incidenciasReportadas":0,"monitor":{"marca":"IBM","estado":1,"nombre":"Monitor IBM X","tipo":"monitor","id":"bKtDboJi7wlKRfvtli1y"},"raton":{"id":"jQIJT50sv0ZNMy3p1pWd","marca":"v50","estado":1,"nombre":"v50 Inalámbrico","tipo":"raton"},"procesador":{"tipo":"procesador","id":"WIyg5R5gB6GpWitcLt2F","marca":"Intel","estado":1,"nombre":"Intel Pentium 3.0GHz 2 Núcleos","velocidad":"3.0GHz"},"discoDuro":{"nombre":"1TB SATA","cantidad":1,"tipo":"discoDuro","id":"xjzMs8VR9y4Zmm4cEp4W","unidad":"TB","marca":"SATA","estado":1},"tarjetaMadre":{"nombre":"Fórmula X","tipo":"tarjetaMadre","id":"QJ5z9mdB1mIUMCSPc3w2","marca":"Marca","estado":1},"nombre":"PC-09","ram":{"nombre":"16GB Kingston","cantidad":16,"tipo":"ram","id":"6JguLbZO7gBat3nPmUCF","unidad":"GB","marca":"Kingston","estado":1},"laboratorio":"LS1","__collections__":{}},"3GnBhnNf6GJj5FP5NXek":{"tarjetaMadre":{"estado":1,"nombre":"Fórmula X","tipo":"tarjetaMadre","id":"QJ5z9mdB1mIUMCSPc3w2","marca":"Marca"},"nombre":"PC-20","ram":{"tipo":"ram","id":"7B7qOCHvaMPPt3Qzqctw","unidad":"GB","marca":"Kingston","estado":1,"nombre":"8GB Kingston","cantidad":8},"laboratorio":"LC","teclado":{"id":"PPwH9q84o6SUBN2Jqb7s","marca":"Microsoft","estado":1,"nombre":"Microsoft SideWinder 4X Keyboard","tipo":"teclado"},"tarjetaDeVideo":{"nombre":"Nvidia GTX 1080 3GB","cantidad":3,"tipo":"tarjetaDeVideo","id":"5xmnLLI2Iwj8499XHrnx","unidad":"GB","marca":"Nvidia","estado":1},"estado":1,"fuenteDePoder":{"nombre":"Cooler Master 500W","capacidad":"500W","tipo":"fuenteDePoder","id":"wOSsGRAvZLQFZzgV26pN","marca":"Cooler Master","estado":1},"incidenciasReportadas":0,"monitor":{"id":"bKtDboJi7wlKRfvtli1y","marca":"IBM","estado":1,"nombre":"Monitor IBM X","tipo":"monitor"},"raton":{"nombre":"v50 Inalámbrico","tipo":"raton","id":"jQIJT50sv0ZNMy3p1pWd","marca":"v50","estado":1},"procesador":{"tipo":"procesador","id":"WIyg5R5gB6GpWitcLt2F","marca":"Intel","estado":1,"nombre":"Intel Pentium 3.0GHz 2 Núcleos","velocidad":"3.0GHz"},"discoDuro":{"id":"Q7ShGDE08BAIin30XuMc","unidad":"GB","marca":"SATA","estado":1,"nombre":"SATA 500GB","cantidad":500,"tipo":"discoDuro"},"__collections__":{}},"52jXd7zrcXc8UUeKuMOB":{"ram":{"id":"7B7qOCHvaMPPt3Qzqctw","unidad":"GB","marca":"Kingston","estado":1,"nombre":"8GB Kingston","cantidad":8,"tipo":"ram"},"laboratorio":"LC","teclado":{"marca":"Microsoft","estado":1,"nombre":"Microsoft SideWinder 4X Keyboard","tipo":"teclado","id":"PPwH9q84o6SUBN2Jqb7s"},"tarjetaDeVideo":{"tipo":"tarjetaDeVideo","id":"5xmnLLI2Iwj8499XHrnx","unidad":"GB","marca":"Nvidia","estado":1,"nombre":"Nvidia GTX 1080 3GB","cantidad":3},"estado":1,"fuenteDePoder":{"tipo":"fuenteDePoder","id":"wOSsGRAvZLQFZzgV26pN","marca":"Cooler Master","estado":1,"nombre":"Cooler Master 500W","capacidad":"500W"},"incidenciasReportadas":0,"monitor":{"marca":"IBM","estado":1,"nombre":"Monitor IBM X","tipo":"monitor","id":"bKtDboJi7wlKRfvtli1y"},"raton":{"nombre":"v50 Inalámbrico","tipo":"raton","id":"jQIJT50sv0ZNMy3p1pWd","marca":"v50","estado":1},"procesador":{"id":"WIyg5R5gB6GpWitcLt2F","marca":"Intel","estado":1,"nombre":"Intel Pentium 3.0GHz 2 Núcleos","velocidad":"3.0GHz","tipo":"procesador"},"discoDuro":{"tipo":"discoDuro","id":"Q7ShGDE08BAIin30XuMc","unidad":"GB","marca":"SATA","estado":1,"nombre":"SATA 500GB","cantidad":500},"tarjetaMadre":{"nombre":"Fórmula X","tipo":"tarjetaMadre","id":"QJ5z9mdB1mIUMCSPc3w2","marca":"Marca","estado":1},"nombre":"PC-27","__collections__":{}},"7Nnsa2pWcaoYsHT7feU7":{"teclado":{"id":"PPwH9q84o6SUBN2Jqb7s","marca":"Microsoft","estado":1,"nombre":"Microsoft SideWinder 4X Keyboard","tipo":"teclado"},"tarjetaDeVideo":{"tipo":"tarjetaDeVideo","id":"5xmnLLI2Iwj8499XHrnx","unidad":"GB","marca":"Nvidia","estado":1,"nombre":"Nvidia GTX 1080 3GB","cantidad":3},"estado":1,"fuenteDePoder":{"marca":"Cooler Master","estado":1,"nombre":"Cooler Master 500W","capacidad":"500W","tipo":"fuenteDePoder","id":"wOSsGRAvZLQFZzgV26pN"},"incidenciasReportadas":0,"monitor":{"id":"bKtDboJi7wlKRfvtli1y","marca":"IBM","estado":1,"nombre":"Monitor IBM X","tipo":"monitor"},"raton":{"marca":"v50","estado":1,"nombre":"v50 Inalámbrico","tipo":"raton","id":"jQIJT50sv0ZNMy3p1pWd"},"procesador":{"nombre":"Intel Pentium 3.0GHz 2 Núcleos","velocidad":"3.0GHz","tipo":"procesador","id":"WIyg5R5gB6GpWitcLt2F","marca":"Intel","estado":1},"discoDuro":{"tipo":"discoDuro","id":"Q7ShGDE08BAIin30XuMc","unidad":"GB","marca":"SATA","estado":1,"nombre":"SATA 500GB","cantidad":500},"tarjetaMadre":{"nombre":"Fórmula X","tipo":"tarjetaMadre","id":"QJ5z9mdB1mIUMCSPc3w2","marca":"Marca","estado":1},"nombre":"PC-21","ram":{"tipo":"ram","id":"7B7qOCHvaMPPt3Qzqctw","unidad":"GB","marca":"Kingston","estado":1,"nombre":"8GB Kingston","cantidad":8},"laboratorio":"LC","__collections__":{}},"8oWRNM9bI1WaAGSKvcXO":{"incidenciasReportadas":0,"monitor":{"estado":1,"nombre":"Monitor IBM X","tipo":"monitor","id":"bKtDboJi7wlKRfvtli1y","marca":"IBM"},"raton":{"nombre":"v50 Inalámbrico","tipo":"raton","id":"jQIJT50sv0ZNMy3p1pWd","marca":"v50","estado":1},"procesador":{"nombre":"Intel Pentium 3.0GHz 2 Núcleos","velocidad":"3.0GHz","tipo":"procesador","id":"WIyg5R5gB6GpWitcLt2F","marca":"Intel","estado":1},"discoDuro":{"marca":"SATA","estado":1,"nombre":"1TB SATA","cantidad":1,"tipo":"discoDuro","id":"xjzMs8VR9y4Zmm4cEp4W","unidad":"TB"},"tarjetaMadre":{"nombre":"Fórmula X","tipo":"tarjetaMadre","id":"QJ5z9mdB1mIUMCSPc3w2","marca":"Marca","estado":1},"nombre":"PC-13","ram":{"nombre":"16GB Kingston","cantidad":16,"tipo":"ram","id":"6JguLbZO7gBat3nPmUCF","unidad":"GB","marca":"Kingston","estado":1},"laboratorio":"LR","teclado":{"estado":1,"nombre":"Microsoft SideWinder 4X Keyboard","tipo":"teclado","id":"PPwH9q84o6SUBN2Jqb7s","marca":"Microsoft"},"tarjetaDeVideo":{"marca":"Nvidia","estado":1,"nombre":"Nvidia GTX 1080 3GB","cantidad":3,"tipo":"tarjetaDeVideo","id":"5xmnLLI2Iwj8499XHrnx","unidad":"GB"},"estado":1,"fuenteDePoder":{"marca":"Cooler Master","estado":1,"nombre":"Cooler Master 500W","capacidad":"500W","tipo":"fuenteDePoder","id":"wOSsGRAvZLQFZzgV26pN"},"__collections__":{}},"9U8glGeW5HtfwzycQGmj":{"estado":1,"fuenteDePoder":{"tipo":"fuenteDePoder","id":"wOSsGRAvZLQFZzgV26pN","marca":"Cooler Master","estado":1,"nombre":"Cooler Master 500W","capacidad":"500W"},"incidenciasReportadas":0,"monitor":{"estado":1,"nombre":"Monitor IBM X","tipo":"monitor","id":"bKtDboJi7wlKRfvtli1y","marca":"IBM"},"raton":{"marca":"v50","estado":1,"nombre":"v50 Inalámbrico","tipo":"raton","id":"jQIJT50sv0ZNMy3p1pWd"},"procesador":{"marca":"Intel","estado":1,"nombre":"Intel Pentium 3.0GHz 2 Núcleos","velocidad":"3.0GHz","tipo":"procesador","id":"WIyg5R5gB6GpWitcLt2F"},"discoDuro":{"id":"Q7ShGDE08BAIin30XuMc","unidad":"GB","marca":"SATA","estado":1,"nombre":"SATA 500GB","cantidad":500,"tipo":"discoDuro"},"tarjetaMadre":{"estado":1,"nombre":"Fórmula X","tipo":"tarjetaMadre","id":"QJ5z9mdB1mIUMCSPc3w2","marca":"Marca"},"nombre":"PC-02","ram":{"estado":1,"nombre":"8GB Kingston","cantidad":8,"tipo":"ram","id":"7B7qOCHvaMPPt3Qzqctw","unidad":"GB","marca":"Kingston"},"laboratorio":"LS2","teclado":{"marca":"Microsoft","estado":1,"nombre":"Microsoft SideWinder 4X Keyboard","tipo":"teclado","id":"PPwH9q84o6SUBN2Jqb7s"},"tarjetaDeVideo":{"id":"5xmnLLI2Iwj8499XHrnx","unidad":"GB","marca":"Nvidia","estado":1,"nombre":"Nvidia GTX 1080 3GB","cantidad":3,"tipo":"tarjetaDeVideo"},"__collections__":{}},"9blfqksp8WfZMUiOPwtk":{"tarjetaMadre":{"nombre":"Fórmula X","tipo":"tarjetaMadre","id":"QJ5z9mdB1mIUMCSPc3w2","marca":"Marca","estado":1},"nombre":"PC-10","ram":{"tipo":"ram","id":"6JguLbZO7gBat3nPmUCF","unidad":"GB","marca":"Kingston","estado":1,"nombre":"16GB Kingston","cantidad":16},"laboratorio":"LS1","teclado":{"marca":"Microsoft","estado":1,"nombre":"Microsoft SideWinder 4X Keyboard","tipo":"teclado","id":"PPwH9q84o6SUBN2Jqb7s"},"tarjetaDeVideo":{"nombre":"Nvidia GTX 1080 3GB","cantidad":3,"tipo":"tarjetaDeVideo","id":"5xmnLLI2Iwj8499XHrnx","unidad":"GB","marca":"Nvidia","estado":1},"estado":1,"fuenteDePoder":{"nombre":"Cooler Master 500W","capacidad":"500W","tipo":"fuenteDePoder","id":"wOSsGRAvZLQFZzgV26pN","marca":"Cooler Master","estado":1},"incidenciasReportadas":0,"monitor":{"estado":1,"nombre":"Monitor IBM X","tipo":"monitor","id":"bKtDboJi7wlKRfvtli1y","marca":"IBM"},"raton":{"marca":"v50","estado":1,"nombre":"v50 Inalámbrico","tipo":"raton","id":"jQIJT50sv0ZNMy3p1pWd"},"procesador":{"velocidad":"3.0GHz","tipo":"procesador","id":"WIyg5R5gB6GpWitcLt2F","marca":"Intel","estado":1,"nombre":"Intel Pentium 3.0GHz 2 Núcleos"},"discoDuro":{"tipo":"discoDuro","id":"xjzMs8VR9y4Zmm4cEp4W","unidad":"TB","marca":"SATA","estado":1,"nombre":"1TB SATA","cantidad":1},"__collections__":{}},"BHWT3IRatllIdAXYbDEG":{"incidenciasReportadas":0,"monitor":{"id":"bKtDboJi7wlKRfvtli1y","marca":"IBM","estado":1,"nombre":"Monitor IBM X","tipo":"monitor"},"raton":{"nombre":"v50 Inalámbrico","tipo":"raton","id":"jQIJT50sv0ZNMy3p1pWd","marca":"v50","estado":1},"procesador":{"velocidad":"3.0GHz","tipo":"procesador","id":"WIyg5R5gB6GpWitcLt2F","marca":"Intel","estado":1,"nombre":"Intel Pentium 3.0GHz 2 Núcleos"},"discoDuro":{"marca":"SATA","estado":1,"nombre":"1TB SATA","cantidad":1,"tipo":"discoDuro","id":"xjzMs8VR9y4Zmm4cEp4W","unidad":"TB"},"tarjetaMadre":{"nombre":"Fórmula X","tipo":"tarjetaMadre","id":"QJ5z9mdB1mIUMCSPc3w2","marca":"Marca","estado":1},"nombre":"PC-33","ram":{"id":"6JguLbZO7gBat3nPmUCF","unidad":"GB","marca":"Kingston","estado":1,"nombre":"16GB Kingston","cantidad":16,"tipo":"ram"},"laboratorio":"LC","teclado":{"estado":1,"nombre":"Microsoft SideWinder 4X Keyboard","tipo":"teclado","id":"PPwH9q84o6SUBN2Jqb7s","marca":"Microsoft"},"tarjetaDeVideo":{"estado":1,"nombre":"Nvidia GTX 1080 3GB","cantidad":3,"tipo":"tarjetaDeVideo","id":"5xmnLLI2Iwj8499XHrnx","unidad":"GB","marca":"Nvidia"},"estado":1,"fuenteDePoder":{"tipo":"fuenteDePoder","id":"wOSsGRAvZLQFZzgV26pN","marca":"Cooler Master","estado":1,"nombre":"Cooler Master 500W","capacidad":"500W"},"__collections__":{}},"BR3xCzoJoBCj0QlI1WUX":{"estado":1,"fuenteDePoder":{"id":"wOSsGRAvZLQFZzgV26pN","marca":"Cooler Master","estado":1,"nombre":"Cooler Master 500W","capacidad":"500W","tipo":"fuenteDePoder"},"incidenciasReportadas":0,"monitor":{"id":"bKtDboJi7wlKRfvtli1y","marca":"IBM","estado":1,"nombre":"Monitor IBM X","tipo":"monitor"},"raton":{"id":"jQIJT50sv0ZNMy3p1pWd","marca":"v50","estado":1,"nombre":"v50 Inalámbrico","tipo":"raton"},"procesador":{"tipo":"procesador","id":"WIyg5R5gB6GpWitcLt2F","marca":"Intel","estado":1,"nombre":"Intel Pentium 3.0GHz 2 Núcleos","velocidad":"3.0GHz"},"discoDuro":{"id":"xjzMs8VR9y4Zmm4cEp4W","unidad":"TB","marca":"SATA","estado":1,"nombre":"1TB SATA","cantidad":1,"tipo":"discoDuro"},"tarjetaMadre":{"estado":1,"nombre":"Fórmula X","tipo":"tarjetaMadre","id":"QJ5z9mdB1mIUMCSPc3w2","marca":"Marca"},"nombre":"PC-11","ram":{"tipo":"ram","id":"6JguLbZO7gBat3nPmUCF","unidad":"GB","marca":"Kingston","estado":1,"nombre":"16GB Kingston","cantidad":16},"laboratorio":"LS1","teclado":{"nombre":"Microsoft SideWinder 4X Keyboard","tipo":"teclado","id":"PPwH9q84o6SUBN2Jqb7s","marca":"Microsoft","estado":1},"tarjetaDeVideo":{"id":"5xmnLLI2Iwj8499XHrnx","unidad":"GB","marca":"Nvidia","estado":1,"nombre":"Nvidia GTX 1080 3GB","cantidad":3,"tipo":"tarjetaDeVideo"},"__collections__":{}},"BxBYkRSZlHQwwAfmWwxC":{"monitor":{"marca":"IBM","estado":1,"nombre":"Monitor IBM X","tipo":"monitor","id":"bKtDboJi7wlKRfvtli1y"},"raton":{"marca":"v50","estado":1,"nombre":"v50 Inalámbrico","tipo":"raton","id":"jQIJT50sv0ZNMy3p1pWd"},"procesador":{"tipo":"procesador","id":"WIyg5R5gB6GpWitcLt2F","marca":"Intel","estado":1,"nombre":"Intel Pentium 3.0GHz 2 Núcleos","velocidad":"3.0GHz"},"discoDuro":{"marca":"SATA","estado":1,"nombre":"1TB SATA","cantidad":1,"tipo":"discoDuro","id":"xjzMs8VR9y4Zmm4cEp4W","unidad":"TB"},"tarjetaMadre":{"marca":"Marca","estado":1,"nombre":"Fórmula X","tipo":"tarjetaMadre","id":"QJ5z9mdB1mIUMCSPc3w2"},"nombre":"PC-15","ram":{"tipo":"ram","id":"6JguLbZO7gBat3nPmUCF","unidad":"GB","marca":"Kingston","estado":1,"nombre":"16GB Kingston","cantidad":16},"laboratorio":"LC","teclado":{"nombre":"Microsoft SideWinder 4X Keyboard","tipo":"teclado","id":"PPwH9q84o6SUBN2Jqb7s","marca":"Microsoft","estado":1},"tarjetaDeVideo":{"tipo":"tarjetaDeVideo","id":"5xmnLLI2Iwj8499XHrnx","unidad":"GB","marca":"Nvidia","estado":1,"nombre":"Nvidia GTX 1080 3GB","cantidad":3},"estado":1,"fuenteDePoder":{"nombre":"Cooler Master 500W","capacidad":"500W","tipo":"fuenteDePoder","id":"wOSsGRAvZLQFZzgV26pN","marca":"Cooler Master","estado":1},"incidenciasReportadas":0,"__collections__":{}},"C6fk0loLiKC90uODcvz1":{"tarjetaDeVideo":{"tipo":"tarjetaDeVideo","id":"5xmnLLI2Iwj8499XHrnx","unidad":"GB","marca":"Nvidia","estado":1,"nombre":"Nvidia GTX 1080 3GB","cantidad":3},"estado":1,"fuenteDePoder":{"estado":1,"nombre":"Cooler Master 500W","capacidad":"500W","tipo":"fuenteDePoder","id":"wOSsGRAvZLQFZzgV26pN","marca":"Cooler Master"},"incidenciasReportadas":0,"monitor":{"marca":"IBM","estado":1,"nombre":"Monitor IBM X","tipo":"monitor","id":"bKtDboJi7wlKRfvtli1y"},"raton":{"marca":"v50","estado":1,"nombre":"v50 Inalámbrico","tipo":"raton","id":"jQIJT50sv0ZNMy3p1pWd"},"procesador":{"tipo":"procesador","id":"WIyg5R5gB6GpWitcLt2F","marca":"Intel","estado":1,"nombre":"Intel Pentium 3.0GHz 2 Núcleos","velocidad":"3.0GHz"},"discoDuro":{"tipo":"discoDuro","id":"Q7ShGDE08BAIin30XuMc","unidad":"GB","marca":"SATA","estado":1,"nombre":"SATA 500GB","cantidad":500},"tarjetaMadre":{"nombre":"Fórmula X","tipo":"tarjetaMadre","id":"QJ5z9mdB1mIUMCSPc3w2","marca":"Marca","estado":1},"nombre":"PC-17","ram":{"marca":"Kingston","estado":1,"nombre":"8GB Kingston","cantidad":8,"tipo":"ram","id":"7B7qOCHvaMPPt3Qzqctw","unidad":"GB"},"laboratorio":"LC","teclado":{"estado":1,"nombre":"Microsoft SideWinder 4X Keyboard","tipo":"teclado","id":"PPwH9q84o6SUBN2Jqb7s","marca":"Microsoft"},"__collections__":{}},"CZJ7M0vLzGB6YDuqCBHk":{"tarjetaDeVideo":{"id":"5xmnLLI2Iwj8499XHrnx","unidad":"GB","marca":"Nvidia","estado":1,"nombre":"Nvidia GTX 1080 3GB","cantidad":3,"tipo":"tarjetaDeVideo"},"estado":1,"fuenteDePoder":{"tipo":"fuenteDePoder","id":"wOSsGRAvZLQFZzgV26pN","marca":"Cooler Master","estado":1,"nombre":"Cooler Master 500W","capacidad":"500W"},"incidenciasReportadas":0,"monitor":{"nombre":"Monitor IBM X","tipo":"monitor","id":"bKtDboJi7wlKRfvtli1y","marca":"IBM","estado":1},"raton":{"nombre":"v50 Inalámbrico","tipo":"raton","id":"jQIJT50sv0ZNMy3p1pWd","marca":"v50","estado":1},"procesador":{"tipo":"procesador","id":"WIyg5R5gB6GpWitcLt2F","marca":"Intel","estado":1,"nombre":"Intel Pentium 3.0GHz 2 Núcleos","velocidad":"3.0GHz"},"discoDuro":{"tipo":"discoDuro","id":"Q7ShGDE08BAIin30XuMc","unidad":"GB","marca":"SATA","estado":1,"nombre":"SATA 500GB","cantidad":500},"tarjetaMadre":{"estado":1,"nombre":"Fórmula X","tipo":"tarjetaMadre","id":"QJ5z9mdB1mIUMCSPc3w2","marca":"Marca"},"nombre":"PC-34","ram":{"tipo":"ram","id":"7B7qOCHvaMPPt3Qzqctw","unidad":"GB","marca":"Kingston","estado":1,"nombre":"8GB Kingston","cantidad":8},"laboratorio":"LC","teclado":{"id":"PPwH9q84o6SUBN2Jqb7s","marca":"Microsoft","estado":1,"nombre":"Microsoft SideWinder 4X Keyboard","tipo":"teclado"},"__collections__":{}},"FDdONTWURbhRKV3Wbk2I":{"incidenciasReportadas":0,"monitor":{"id":"bKtDboJi7wlKRfvtli1y","marca":"IBM","estado":1,"nombre":"Monitor IBM X","tipo":"monitor"},"raton":{"estado":1,"nombre":"v50 Inalámbrico","tipo":"raton","id":"jQIJT50sv0ZNMy3p1pWd","marca":"v50"},"procesador":{"tipo":"procesador","id":"WIyg5R5gB6GpWitcLt2F","marca":"Intel","estado":1,"nombre":"Intel Pentium 3.0GHz 2 Núcleos","velocidad":"3.0GHz"},"discoDuro":{"tipo":"discoDuro","id":"Q7ShGDE08BAIin30XuMc","unidad":"GB","marca":"SATA","estado":1,"nombre":"SATA 500GB","cantidad":500},"tarjetaMadre":{"nombre":"Fórmula X","tipo":"tarjetaMadre","id":"QJ5z9mdB1mIUMCSPc3w2","marca":"Marca","estado":1},"nombre":"PC-18","ram":{"nombre":"8GB Kingston","cantidad":8,"tipo":"ram","id":"7B7qOCHvaMPPt3Qzqctw","unidad":"GB","marca":"Kingston","estado":1},"laboratorio":"LC","teclado":{"nombre":"Microsoft SideWinder 4X Keyboard","tipo":"teclado","id":"PPwH9q84o6SUBN2Jqb7s","marca":"Microsoft","estado":1},"tarjetaDeVideo":{"marca":"Nvidia","estado":1,"nombre":"Nvidia GTX 1080 3GB","cantidad":3,"tipo":"tarjetaDeVideo","id":"5xmnLLI2Iwj8499XHrnx","unidad":"GB"},"estado":1,"fuenteDePoder":{"tipo":"fuenteDePoder","id":"wOSsGRAvZLQFZzgV26pN","marca":"Cooler Master","estado":1,"nombre":"Cooler Master 500W","capacidad":"500W"},"__collections__":{}},"FaoQrxza3N0gnNLOSr06":{"estado":1,"fuenteDePoder":{"estado":1,"nombre":"Cooler Master 500W","capacidad":"500W","tipo":"fuenteDePoder","id":"wOSsGRAvZLQFZzgV26pN","marca":"Cooler Master"},"incidenciasReportadas":0,"monitor":{"estado":1,"nombre":"Monitor IBM X","tipo":"monitor","id":"bKtDboJi7wlKRfvtli1y","marca":"IBM"},"raton":{"marca":"v50","estado":1,"nombre":"v50 Inalámbrico","tipo":"raton","id":"jQIJT50sv0ZNMy3p1pWd"},"procesador":{"id":"WIyg5R5gB6GpWitcLt2F","marca":"Intel","estado":1,"nombre":"Intel Pentium 3.0GHz 2 Núcleos","velocidad":"3.0GHz","tipo":"procesador"},"discoDuro":{"tipo":"discoDuro","id":"Q7ShGDE08BAIin30XuMc","unidad":"GB","marca":"SATA","estado":1,"nombre":"SATA 500GB","cantidad":500},"tarjetaMadre":{"marca":"Marca","estado":1,"nombre":"Fórmula X","tipo":"tarjetaMadre","id":"QJ5z9mdB1mIUMCSPc3w2"},"nombre":"PC-30","ram":{"tipo":"ram","id":"7B7qOCHvaMPPt3Qzqctw","unidad":"GB","marca":"Kingston","estado":1,"nombre":"8GB Kingston","cantidad":8},"laboratorio":"LC","teclado":{"marca":"Microsoft","estado":1,"nombre":"Microsoft SideWinder 4X Keyboard","tipo":"teclado","id":"PPwH9q84o6SUBN2Jqb7s"},"tarjetaDeVideo":{"tipo":"tarjetaDeVideo","id":"5xmnLLI2Iwj8499XHrnx","unidad":"GB","marca":"Nvidia","estado":1,"nombre":"Nvidia GTX 1080 3GB","cantidad":3},"__collections__":{}},"FnxsYMM05UftHIc0vFHn":{"estado":1,"fuenteDePoder":{"id":"wOSsGRAvZLQFZzgV26pN","marca":"Cooler Master","estado":1,"nombre":"Cooler Master 500W","capacidad":"500W","tipo":"fuenteDePoder"},"incidenciasReportadas":0,"monitor":{"marca":"IBM","estado":1,"nombre":"Monitor IBM X","tipo":"monitor","id":"bKtDboJi7wlKRfvtli1y"},"raton":{"marca":"v50","estado":1,"nombre":"v50 Inalámbrico","tipo":"raton","id":"jQIJT50sv0ZNMy3p1pWd"},"procesador":{"estado":1,"nombre":"Intel Pentium 3.0GHz 2 Núcleos","velocidad":"3.0GHz","tipo":"procesador","id":"WIyg5R5gB6GpWitcLt2F","marca":"Intel"},"discoDuro":{"marca":"SATA","estado":1,"nombre":"SATA 500GB","cantidad":500,"tipo":"discoDuro","id":"Q7ShGDE08BAIin30XuMc","unidad":"GB"},"tarjetaMadre":{"estado":1,"nombre":"Fórmula X","tipo":"tarjetaMadre","id":"QJ5z9mdB1mIUMCSPc3w2","marca":"Marca"},"nombre":"PC-03","ram":{"tipo":"ram","id":"7B7qOCHvaMPPt3Qzqctw","unidad":"GB","marca":"Kingston","estado":1,"nombre":"8GB Kingston","cantidad":8},"laboratorio":"LS2","teclado":{"marca":"Microsoft","estado":1,"nombre":"Microsoft SideWinder 4X Keyboard","tipo":"teclado","id":"PPwH9q84o6SUBN2Jqb7s"},"tarjetaDeVideo":{"tipo":"tarjetaDeVideo","id":"5xmnLLI2Iwj8499XHrnx","unidad":"GB","marca":"Nvidia","estado":1,"nombre":"Nvidia GTX 1080 3GB","cantidad":3},"__collections__":{}},"HBeZRn61bKhLibxtpKSo":{"tarjetaMadre":{"estado":1,"nombre":"Fórmula X","tipo":"tarjetaMadre","id":"QJ5z9mdB1mIUMCSPc3w2","marca":"Marca"},"nombre":"PC-14","ram":{"id":"6JguLbZO7gBat3nPmUCF","unidad":"GB","marca":"Kingston","estado":1,"nombre":"16GB Kingston","cantidad":16,"tipo":"ram"},"laboratorio":"LR","teclado":{"marca":"Microsoft","estado":1,"nombre":"Microsoft SideWinder 4X Keyboard","tipo":"teclado","id":"PPwH9q84o6SUBN2Jqb7s"},"tarjetaDeVideo":{"estado":1,"nombre":"Nvidia GTX 1080 3GB","cantidad":3,"tipo":"tarjetaDeVideo","id":"5xmnLLI2Iwj8499XHrnx","unidad":"GB","marca":"Nvidia"},"estado":1,"fuenteDePoder":{"id":"wOSsGRAvZLQFZzgV26pN","marca":"Cooler Master","estado":1,"nombre":"Cooler Master 500W","capacidad":"500W","tipo":"fuenteDePoder"},"incidenciasReportadas":0,"monitor":{"nombre":"Monitor IBM X","tipo":"monitor","id":"bKtDboJi7wlKRfvtli1y","marca":"IBM","estado":1},"raton":{"estado":1,"nombre":"v50 Inalámbrico","tipo":"raton","id":"jQIJT50sv0ZNMy3p1pWd","marca":"v50"},"procesador":{"tipo":"procesador","id":"WIyg5R5gB6GpWitcLt2F","marca":"Intel","estado":1,"nombre":"Intel Pentium 3.0GHz 2 Núcleos","velocidad":"3.0GHz"},"discoDuro":{"marca":"SATA","estado":1,"nombre":"1TB SATA","cantidad":1,"tipo":"discoDuro","id":"xjzMs8VR9y4Zmm4cEp4W","unidad":"TB"},"__collections__":{}},"JM6YsLfYnCm0w2dNmZKt":{"ram":{"nombre":"8GB Kingston","cantidad":8,"tipo":"ram","id":"7B7qOCHvaMPPt3Qzqctw","unidad":"GB","marca":"Kingston","estado":1},"laboratorio":"LS2","teclado":{"nombre":"Microsoft SideWinder 4X Keyboard","tipo":"teclado","id":"PPwH9q84o6SUBN2Jqb7s","marca":"Microsoft","estado":1},"tarjetaDeVideo":{"tipo":"tarjetaDeVideo","id":"5xmnLLI2Iwj8499XHrnx","unidad":"GB","marca":"Nvidia","estado":1,"nombre":"Nvidia GTX 1080 3GB","cantidad":3},"estado":1,"fuenteDePoder":{"capacidad":"500W","tipo":"fuenteDePoder","id":"wOSsGRAvZLQFZzgV26pN","marca":"Cooler Master","estado":1,"nombre":"Cooler Master 500W"},"incidenciasReportadas":0,"monitor":{"estado":1,"nombre":"Monitor IBM X","tipo":"monitor","id":"bKtDboJi7wlKRfvtli1y","marca":"IBM"},"raton":{"estado":1,"nombre":"v50 Inalámbrico","tipo":"raton","id":"jQIJT50sv0ZNMy3p1pWd","marca":"v50"},"procesador":{"tipo":"procesador","id":"WIyg5R5gB6GpWitcLt2F","marca":"Intel","estado":1,"nombre":"Intel Pentium 3.0GHz 2 Núcleos","velocidad":"3.0GHz"},"discoDuro":{"tipo":"discoDuro","id":"Q7ShGDE08BAIin30XuMc","unidad":"GB","marca":"SATA","estado":1,"nombre":"SATA 500GB","cantidad":500},"tarjetaMadre":{"estado":1,"nombre":"Fórmula X","tipo":"tarjetaMadre","id":"QJ5z9mdB1mIUMCSPc3w2","marca":"Marca"},"nombre":"PC-05","__collections__":{}},"Loe389CaZNsi86VeTvmZ":{"tarjetaMadre":{"id":"QJ5z9mdB1mIUMCSPc3w2","marca":"Marca","estado":1,"nombre":"Fórmula X","tipo":"tarjetaMadre"},"nombre":"PC-26","ram":{"nombre":"8GB Kingston","cantidad":8,"tipo":"ram","id":"7B7qOCHvaMPPt3Qzqctw","unidad":"GB","marca":"Kingston","estado":1},"laboratorio":"LC","teclado":{"marca":"Microsoft","estado":1,"nombre":"Microsoft SideWinder 4X Keyboard","tipo":"teclado","id":"PPwH9q84o6SUBN2Jqb7s"},"tarjetaDeVideo":{"tipo":"tarjetaDeVideo","id":"5xmnLLI2Iwj8499XHrnx","unidad":"GB","marca":"Nvidia","estado":1,"nombre":"Nvidia GTX 1080 3GB","cantidad":3},"estado":1,"fuenteDePoder":{"id":"wOSsGRAvZLQFZzgV26pN","marca":"Cooler Master","estado":1,"nombre":"Cooler Master 500W","capacidad":"500W","tipo":"fuenteDePoder"},"incidenciasReportadas":0,"monitor":{"nombre":"Monitor IBM X","tipo":"monitor","id":"bKtDboJi7wlKRfvtli1y","marca":"IBM","estado":1},"raton":{"nombre":"v50 Inalámbrico","tipo":"raton","id":"jQIJT50sv0ZNMy3p1pWd","marca":"v50","estado":1},"procesador":{"estado":1,"nombre":"Intel Pentium 3.0GHz 2 Núcleos","velocidad":"3.0GHz","tipo":"procesador","id":"WIyg5R5gB6GpWitcLt2F","marca":"Intel"},"discoDuro":{"id":"Q7ShGDE08BAIin30XuMc","unidad":"GB","marca":"SATA","estado":1,"nombre":"SATA 500GB","cantidad":500,"tipo":"discoDuro"},"__collections__":{}},"PpbEfwibb2Yr5PE4onyg":{"estado":1,"fuenteDePoder":{"tipo":"fuenteDePoder","id":"wOSsGRAvZLQFZzgV26pN","marca":"Cooler Master","estado":1,"nombre":"Cooler Master 500W","capacidad":"500W"},"incidenciasReportadas":0,"monitor":{"id":"bKtDboJi7wlKRfvtli1y","marca":"IBM","estado":1,"nombre":"Monitor IBM X","tipo":"monitor"},"raton":{"nombre":"v50 Inalámbrico","tipo":"raton","id":"jQIJT50sv0ZNMy3p1pWd","marca":"v50","estado":1},"procesador":{"velocidad":"3.0GHz","tipo":"procesador","id":"WIyg5R5gB6GpWitcLt2F","marca":"Intel","estado":1,"nombre":"Intel Pentium 3.0GHz 2 Núcleos"},"discoDuro":{"marca":"SATA","estado":1,"nombre":"1TB SATA","cantidad":1,"tipo":"discoDuro","id":"xjzMs8VR9y4Zmm4cEp4W","unidad":"TB"},"tarjetaMadre":{"marca":"Marca","estado":1,"nombre":"Fórmula X","tipo":"tarjetaMadre","id":"QJ5z9mdB1mIUMCSPc3w2"},"nombre":"PC-19","ram":{"tipo":"ram","id":"6JguLbZO7gBat3nPmUCF","unidad":"GB","marca":"Kingston","estado":1,"nombre":"16GB Kingston","cantidad":16},"laboratorio":"LR","teclado":{"nombre":"Microsoft SideWinder 4X Keyboard","tipo":"teclado","id":"PPwH9q84o6SUBN2Jqb7s","marca":"Microsoft","estado":1},"tarjetaDeVideo":{"estado":1,"nombre":"Nvidia GTX 1080 3GB","cantidad":3,"tipo":"tarjetaDeVideo","id":"5xmnLLI2Iwj8499XHrnx","unidad":"GB","marca":"Nvidia"},"__collections__":{}},"QplRQIyZ3Wqnx52gFMWM":{"tarjetaMadre":{"id":"QJ5z9mdB1mIUMCSPc3w2","marca":"Marca","estado":1,"nombre":"Fórmula X","tipo":"tarjetaMadre"},"nombre":"PC-28","ram":{"tipo":"ram","id":"7B7qOCHvaMPPt3Qzqctw","unidad":"GB","marca":"Kingston","estado":1,"nombre":"8GB Kingston","cantidad":8},"laboratorio":"LC","teclado":{"estado":1,"nombre":"Microsoft SideWinder 4X Keyboard","tipo":"teclado","id":"PPwH9q84o6SUBN2Jqb7s","marca":"Microsoft"},"tarjetaDeVideo":{"tipo":"tarjetaDeVideo","id":"5xmnLLI2Iwj8499XHrnx","unidad":"GB","marca":"Nvidia","estado":1,"nombre":"Nvidia GTX 1080 3GB","cantidad":3},"estado":1,"fuenteDePoder":{"id":"wOSsGRAvZLQFZzgV26pN","marca":"Cooler Master","estado":1,"nombre":"Cooler Master 500W","capacidad":"500W","tipo":"fuenteDePoder"},"incidenciasReportadas":0,"monitor":{"id":"bKtDboJi7wlKRfvtli1y","marca":"IBM","estado":1,"nombre":"Monitor IBM X","tipo":"monitor"},"raton":{"marca":"v50","estado":1,"nombre":"v50 Inalámbrico","tipo":"raton","id":"jQIJT50sv0ZNMy3p1pWd"},"procesador":{"tipo":"procesador","id":"WIyg5R5gB6GpWitcLt2F","marca":"Intel","estado":1,"nombre":"Intel Pentium 3.0GHz 2 Núcleos","velocidad":"3.0GHz"},"discoDuro":{"tipo":"discoDuro","id":"Q7ShGDE08BAIin30XuMc","unidad":"GB","marca":"SATA","estado":1,"nombre":"SATA 500GB","cantidad":500},"__collections__":{}},"RUGppcYZAmeincoJvJCg":{"incidenciasReportadas":0,"monitor":{"nombre":"Monitor IBM X","tipo":"monitor","id":"bKtDboJi7wlKRfvtli1y","marca":"IBM","estado":1},"raton":{"marca":"v50","estado":1,"nombre":"v50 Inalámbrico","tipo":"raton","id":"jQIJT50sv0ZNMy3p1pWd"},"procesador":{"tipo":"procesador","id":"WIyg5R5gB6GpWitcLt2F","marca":"Intel","estado":1,"nombre":"Intel Pentium 3.0GHz 2 Núcleos","velocidad":"3.0GHz"},"discoDuro":{"tipo":"discoDuro","id":"xjzMs8VR9y4Zmm4cEp4W","unidad":"TB","marca":"SATA","estado":1,"nombre":"1TB SATA","cantidad":1},"tarjetaMadre":{"nombre":"Fórmula X","tipo":"tarjetaMadre","id":"QJ5z9mdB1mIUMCSPc3w2","marca":"Marca","estado":1},"nombre":"PC-16","ram":{"marca":"Kingston","estado":1,"nombre":"16GB Kingston","cantidad":16,"tipo":"ram","id":"6JguLbZO7gBat3nPmUCF","unidad":"GB"},"laboratorio":"LC","teclado":{"estado":1,"nombre":"Microsoft SideWinder 4X Keyboard","tipo":"teclado","id":"PPwH9q84o6SUBN2Jqb7s","marca":"Microsoft"},"tarjetaDeVideo":{"tipo":"tarjetaDeVideo","id":"5xmnLLI2Iwj8499XHrnx","unidad":"GB","marca":"Nvidia","estado":1,"nombre":"Nvidia GTX 1080 3GB","cantidad":3},"estado":1,"fuenteDePoder":{"tipo":"fuenteDePoder","id":"wOSsGRAvZLQFZzgV26pN","marca":"Cooler Master","estado":1,"nombre":"Cooler Master 500W","capacidad":"500W"},"__collections__":{}},"TVhndxLFl4nVFqZlt6DT":{"incidenciasReportadas":0,"monitor":{"marca":"IBM","estado":1,"nombre":"Monitor IBM X","tipo":"monitor","id":"bKtDboJi7wlKRfvtli1y"},"raton":{"marca":"v50","estado":1,"nombre":"v50 Inalámbrico","tipo":"raton","id":"jQIJT50sv0ZNMy3p1pWd"},"procesador":{"velocidad":"3.0GHz","tipo":"procesador","id":"WIyg5R5gB6GpWitcLt2F","marca":"Intel","estado":1,"nombre":"Intel Pentium 3.0GHz 2 Núcleos"},"discoDuro":{"nombre":"1TB SATA","cantidad":1,"tipo":"discoDuro","id":"xjzMs8VR9y4Zmm4cEp4W","unidad":"TB","marca":"SATA","estado":1},"tarjetaMadre":{"marca":"Marca","estado":1,"nombre":"Fórmula X","tipo":"tarjetaMadre","id":"QJ5z9mdB1mIUMCSPc3w2"},"nombre":"PC-07","ram":{"tipo":"ram","id":"6JguLbZO7gBat3nPmUCF","unidad":"GB","marca":"Kingston","estado":1,"nombre":"16GB Kingston","cantidad":16},"laboratorio":"LS1","teclado":{"marca":"Microsoft","estado":1,"nombre":"Microsoft SideWinder 4X Keyboard","tipo":"teclado","id":"PPwH9q84o6SUBN2Jqb7s"},"tarjetaDeVideo":{"marca":"Nvidia","estado":1,"nombre":"Nvidia GTX 1080 3GB","cantidad":3,"tipo":"tarjetaDeVideo","id":"5xmnLLI2Iwj8499XHrnx","unidad":"GB"},"estado":1,"fuenteDePoder":{"tipo":"fuenteDePoder","id":"wOSsGRAvZLQFZzgV26pN","marca":"Cooler Master","estado":1,"nombre":"Cooler Master 500W","capacidad":"500W"},"__collections__":{}},"UFC4xuFTVyy3lcqVcTWH":{"teclado":{"nombre":"Microsoft SideWinder 4X Keyboard","tipo":"teclado","id":"PPwH9q84o6SUBN2Jqb7s","marca":"Microsoft","estado":1},"tarjetaDeVideo":{"nombre":"Nvidia GTX 1080 3GB","cantidad":3,"tipo":"tarjetaDeVideo","id":"5xmnLLI2Iwj8499XHrnx","unidad":"GB","marca":"Nvidia","estado":1},"estado":1,"fuenteDePoder":{"estado":1,"nombre":"Cooler Master 500W","capacidad":"500W","tipo":"fuenteDePoder","id":"wOSsGRAvZLQFZzgV26pN","marca":"Cooler Master"},"incidenciasReportadas":0,"monitor":{"nombre":"Monitor IBM X","tipo":"monitor","id":"bKtDboJi7wlKRfvtli1y","marca":"IBM","estado":1},"raton":{"estado":1,"nombre":"v50 Inalámbrico","tipo":"raton","id":"jQIJT50sv0ZNMy3p1pWd","marca":"v50"},"procesador":{"tipo":"procesador","id":"WIyg5R5gB6GpWitcLt2F","marca":"Intel","estado":1,"nombre":"Intel Pentium 3.0GHz 2 Núcleos","velocidad":"3.0GHz"},"discoDuro":{"estado":1,"nombre":"SATA 500GB","cantidad":500,"tipo":"discoDuro","id":"Q7ShGDE08BAIin30XuMc","unidad":"GB","marca":"SATA"},"tarjetaMadre":{"estado":1,"nombre":"Fórmula X","tipo":"tarjetaMadre","id":"QJ5z9mdB1mIUMCSPc3w2","marca":"Marca"},"nombre":"PC-08","ram":{"tipo":"ram","id":"7B7qOCHvaMPPt3Qzqctw","unidad":"GB","marca":"Kingston","estado":1,"nombre":"8GB Kingston","cantidad":8},"laboratorio":"LS2","__collections__":{}},"VKCVx0ubJbmLELg7APLB":{"tarjetaMadre":{"estado":1,"nombre":"Fórmula X","tipo":"tarjetaMadre","id":"QJ5z9mdB1mIUMCSPc3w2","marca":"Marca"},"nombre":"PC-07","ram":{"tipo":"ram","id":"7B7qOCHvaMPPt3Qzqctw","unidad":"GB","marca":"Kingston","estado":1,"nombre":"8GB Kingston","cantidad":8},"laboratorio":"LS2","teclado":{"marca":"Microsoft","estado":1,"nombre":"Microsoft SideWinder 4X Keyboard","tipo":"teclado","id":"PPwH9q84o6SUBN2Jqb7s"},"tarjetaDeVideo":{"id":"5xmnLLI2Iwj8499XHrnx","unidad":"GB","marca":"Nvidia","estado":1,"nombre":"Nvidia GTX 1080 3GB","cantidad":3,"tipo":"tarjetaDeVideo"},"estado":1,"fuenteDePoder":{"tipo":"fuenteDePoder","id":"wOSsGRAvZLQFZzgV26pN","marca":"Cooler Master","estado":1,"nombre":"Cooler Master 500W","capacidad":"500W"},"incidenciasReportadas":0,"monitor":{"id":"bKtDboJi7wlKRfvtli1y","marca":"IBM","estado":1,"nombre":"Monitor IBM X","tipo":"monitor"},"raton":{"estado":1,"nombre":"v50 Inalámbrico","tipo":"raton","id":"jQIJT50sv0ZNMy3p1pWd","marca":"v50"},"procesador":{"velocidad":"3.0GHz","tipo":"procesador","id":"WIyg5R5gB6GpWitcLt2F","marca":"Intel","estado":1,"nombre":"Intel Pentium 3.0GHz 2 Núcleos"},"discoDuro":{"tipo":"discoDuro","id":"Q7ShGDE08BAIin30XuMc","unidad":"GB","marca":"SATA","estado":1,"nombre":"SATA 500GB","cantidad":500},"__collections__":{}},"VM0UVJtsQiHtZ90l3F0l":{"tarjetaMadre":{"nombre":"Fórmula X","tipo":"tarjetaMadre","id":"QJ5z9mdB1mIUMCSPc3w2","marca":"Marca","estado":1},"nombre":"PC-16","ram":{"tipo":"ram","id":"6JguLbZO7gBat3nPmUCF","unidad":"GB","marca":"Kingston","estado":1,"nombre":"16GB Kingston","cantidad":16},"laboratorio":"LR","teclado":{"estado":1,"nombre":"Microsoft SideWinder 4X Keyboard","tipo":"teclado","id":"PPwH9q84o6SUBN2Jqb7s","marca":"Microsoft"},"tarjetaDeVideo":{"nombre":"Nvidia GTX 1080 3GB","cantidad":3,"tipo":"tarjetaDeVideo","id":"5xmnLLI2Iwj8499XHrnx","unidad":"GB","marca":"Nvidia","estado":1},"estado":1,"fuenteDePoder":{"tipo":"fuenteDePoder","id":"wOSsGRAvZLQFZzgV26pN","marca":"Cooler Master","estado":1,"nombre":"Cooler Master 500W","capacidad":"500W"},"incidenciasReportadas":0,"monitor":{"marca":"IBM","estado":1,"nombre":"Monitor IBM X","tipo":"monitor","id":"bKtDboJi7wlKRfvtli1y"},"raton":{"estado":1,"nombre":"v50 Inalámbrico","tipo":"raton","id":"jQIJT50sv0ZNMy3p1pWd","marca":"v50"},"procesador":{"estado":1,"nombre":"Intel Pentium 3.0GHz 2 Núcleos","velocidad":"3.0GHz","tipo":"procesador","id":"WIyg5R5gB6GpWitcLt2F","marca":"Intel"},"discoDuro":{"tipo":"discoDuro","id":"xjzMs8VR9y4Zmm4cEp4W","unidad":"TB","marca":"SATA","estado":1,"nombre":"1TB SATA","cantidad":1},"__collections__":{}},"Vxbqo6bPT67Fojm2QEnH":{"estado":1,"fuenteDePoder":{"capacidad":"500W","tipo":"fuenteDePoder","id":"wOSsGRAvZLQFZzgV26pN","marca":"Cooler Master","estado":1,"nombre":"Cooler Master 500W"},"incidenciasReportadas":0,"monitor":{"id":"bKtDboJi7wlKRfvtli1y","marca":"IBM","estado":1,"nombre":"Monitor IBM X","tipo":"monitor"},"raton":{"estado":1,"nombre":"v50 Inalámbrico","tipo":"raton","id":"jQIJT50sv0ZNMy3p1pWd","marca":"v50"},"procesador":{"estado":1,"nombre":"Intel Pentium 3.0GHz 2 Núcleos","velocidad":"3.0GHz","tipo":"procesador","id":"WIyg5R5gB6GpWitcLt2F","marca":"Intel"},"discoDuro":{"estado":1,"nombre":"SATA 500GB","cantidad":500,"tipo":"discoDuro","id":"Q7ShGDE08BAIin30XuMc","unidad":"GB","marca":"SATA"},"tarjetaMadre":{"marca":"Marca","estado":1,"nombre":"Fórmula X","tipo":"tarjetaMadre","id":"QJ5z9mdB1mIUMCSPc3w2"},"nombre":"PC-25","ram":{"tipo":"ram","id":"7B7qOCHvaMPPt3Qzqctw","unidad":"GB","marca":"Kingston","estado":1,"nombre":"8GB Kingston","cantidad":8},"laboratorio":"LC","teclado":{"estado":1,"nombre":"Microsoft SideWinder 4X Keyboard","tipo":"teclado","id":"PPwH9q84o6SUBN2Jqb7s","marca":"Microsoft"},"tarjetaDeVideo":{"tipo":"tarjetaDeVideo","id":"5xmnLLI2Iwj8499XHrnx","unidad":"GB","marca":"Nvidia","estado":1,"nombre":"Nvidia GTX 1080 3GB","cantidad":3},"__collections__":{}},"aKCX64lyCnRHVdRulxkS":{"tarjetaMadre":{"estado":1,"nombre":"Fórmula X","tipo":"tarjetaMadre","id":"QJ5z9mdB1mIUMCSPc3w2","marca":"Marca"},"nombre":"PC-18","ram":{"id":"6JguLbZO7gBat3nPmUCF","unidad":"GB","marca":"Kingston","estado":1,"nombre":"16GB Kingston","cantidad":16,"tipo":"ram"},"laboratorio":"LR","teclado":{"id":"PPwH9q84o6SUBN2Jqb7s","marca":"Microsoft","estado":1,"nombre":"Microsoft SideWinder 4X Keyboard","tipo":"teclado"},"tarjetaDeVideo":{"id":"5xmnLLI2Iwj8499XHrnx","unidad":"GB","marca":"Nvidia","estado":1,"nombre":"Nvidia GTX 1080 3GB","cantidad":3,"tipo":"tarjetaDeVideo"},"estado":1,"fuenteDePoder":{"capacidad":"500W","tipo":"fuenteDePoder","id":"wOSsGRAvZLQFZzgV26pN","marca":"Cooler Master","estado":1,"nombre":"Cooler Master 500W"},"incidenciasReportadas":0,"monitor":{"id":"bKtDboJi7wlKRfvtli1y","marca":"IBM","estado":1,"nombre":"Monitor IBM X","tipo":"monitor"},"raton":{"id":"jQIJT50sv0ZNMy3p1pWd","marca":"v50","estado":1,"nombre":"v50 Inalámbrico","tipo":"raton"},"procesador":{"tipo":"procesador","id":"WIyg5R5gB6GpWitcLt2F","marca":"Intel","estado":1,"nombre":"Intel Pentium 3.0GHz 2 Núcleos","velocidad":"3.0GHz"},"discoDuro":{"tipo":"discoDuro","id":"xjzMs8VR9y4Zmm4cEp4W","unidad":"TB","marca":"SATA","estado":1,"nombre":"1TB SATA","cantidad":1},"__collections__":{}},"amhoPMZjdpiBGqV5FByn":{"ram":{"tipo":"ram","id":"7B7qOCHvaMPPt3Qzqctw","unidad":"GB","marca":"Kingston","estado":1,"nombre":"8GB Kingston","cantidad":8},"laboratorio":"LS2","teclado":{"estado":1,"nombre":"Microsoft SideWinder 4X Keyboard","tipo":"teclado","id":"PPwH9q84o6SUBN2Jqb7s","marca":"Microsoft"},"tarjetaDeVideo":{"tipo":"tarjetaDeVideo","id":"5xmnLLI2Iwj8499XHrnx","unidad":"GB","marca":"Nvidia","estado":1,"nombre":"Nvidia GTX 1080 3GB","cantidad":3},"estado":1,"fuenteDePoder":{"tipo":"fuenteDePoder","id":"wOSsGRAvZLQFZzgV26pN","marca":"Cooler Master","estado":1,"nombre":"Cooler Master 500W","capacidad":"500W"},"incidenciasReportadas":0,"monitor":{"estado":1,"nombre":"Monitor IBM X","tipo":"monitor","id":"bKtDboJi7wlKRfvtli1y","marca":"IBM"},"raton":{"nombre":"v50 Inalámbrico","tipo":"raton","id":"jQIJT50sv0ZNMy3p1pWd","marca":"v50","estado":1},"procesador":{"id":"WIyg5R5gB6GpWitcLt2F","marca":"Intel","estado":1,"nombre":"Intel Pentium 3.0GHz 2 Núcleos","velocidad":"3.0GHz","tipo":"procesador"},"discoDuro":{"id":"Q7ShGDE08BAIin30XuMc","unidad":"GB","marca":"SATA","estado":1,"nombre":"SATA 500GB","cantidad":500,"tipo":"discoDuro"},"tarjetaMadre":{"estado":1,"nombre":"Fórmula X","tipo":"tarjetaMadre","id":"QJ5z9mdB1mIUMCSPc3w2","marca":"Marca"},"nombre":"PC-04","__collections__":{}},"bOD8sKPLMEE8FmsFPKWV":{"procesador":{"marca":"Intel","estado":1,"nombre":"Intel Pentium 3.0GHz 2 Núcleos","velocidad":"3.0GHz","tipo":"procesador","id":"WIyg5R5gB6GpWitcLt2F"},"discoDuro":{"nombre":"SATA 500GB","cantidad":500,"tipo":"discoDuro","id":"Q7ShGDE08BAIin30XuMc","unidad":"GB","marca":"SATA","estado":1},"tarjetaMadre":{"marca":"Marca","estado":1,"nombre":"Fórmula X","tipo":"tarjetaMadre","id":"QJ5z9mdB1mIUMCSPc3w2"},"nombre":"PC-24","ram":{"nombre":"8GB Kingston","cantidad":8,"tipo":"ram","id":"7B7qOCHvaMPPt3Qzqctw","unidad":"GB","marca":"Kingston","estado":1},"laboratorio":"LC","teclado":{"nombre":"Microsoft SideWinder 4X Keyboard","tipo":"teclado","id":"PPwH9q84o6SUBN2Jqb7s","marca":"Microsoft","estado":1},"tarjetaDeVideo":{"nombre":"Nvidia GTX 1080 3GB","cantidad":3,"tipo":"tarjetaDeVideo","id":"5xmnLLI2Iwj8499XHrnx","unidad":"GB","marca":"Nvidia","estado":1},"estado":1,"fuenteDePoder":{"marca":"Cooler Master","estado":1,"nombre":"Cooler Master 500W","capacidad":"500W","tipo":"fuenteDePoder","id":"wOSsGRAvZLQFZzgV26pN"},"incidenciasReportadas":0,"monitor":{"id":"bKtDboJi7wlKRfvtli1y","marca":"IBM","estado":1,"nombre":"Monitor IBM X","tipo":"monitor"},"raton":{"estado":1,"nombre":"v50 Inalámbrico","tipo":"raton","id":"jQIJT50sv0ZNMy3p1pWd","marca":"v50"},"__collections__":{}},"eSdZL84BvrOjx7i29xoG":{"tarjetaMadre":{"marca":"Marca","estado":1,"nombre":"Fórmula X","tipo":"tarjetaMadre","id":"QJ5z9mdB1mIUMCSPc3w2"},"nombre":"PC-23","ram":{"id":"7B7qOCHvaMPPt3Qzqctw","unidad":"GB","marca":"Kingston","estado":1,"nombre":"8GB Kingston","cantidad":8,"tipo":"ram"},"laboratorio":"LC","teclado":{"estado":1,"nombre":"Microsoft SideWinder 4X Keyboard","tipo":"teclado","id":"PPwH9q84o6SUBN2Jqb7s","marca":"Microsoft"},"tarjetaDeVideo":{"tipo":"tarjetaDeVideo","id":"5xmnLLI2Iwj8499XHrnx","unidad":"GB","marca":"Nvidia","estado":1,"nombre":"Nvidia GTX 1080 3GB","cantidad":3},"estado":1,"fuenteDePoder":{"tipo":"fuenteDePoder","id":"wOSsGRAvZLQFZzgV26pN","marca":"Cooler Master","estado":1,"nombre":"Cooler Master 500W","capacidad":"500W"},"incidenciasReportadas":0,"monitor":{"nombre":"Monitor IBM X","tipo":"monitor","id":"bKtDboJi7wlKRfvtli1y","marca":"IBM","estado":1},"raton":{"nombre":"v50 Inalámbrico","tipo":"raton","id":"jQIJT50sv0ZNMy3p1pWd","marca":"v50","estado":1},"procesador":{"tipo":"procesador","id":"WIyg5R5gB6GpWitcLt2F","marca":"Intel","estado":1,"nombre":"Intel Pentium 3.0GHz 2 Núcleos","velocidad":"3.0GHz"},"discoDuro":{"tipo":"discoDuro","id":"Q7ShGDE08BAIin30XuMc","unidad":"GB","marca":"SATA","estado":1,"nombre":"SATA 500GB","cantidad":500},"__collections__":{}},"gFmpElDAa0mchhLntmam":{"tarjetaDeVideo":{"id":"5xmnLLI2Iwj8499XHrnx","unidad":"GB","marca":"Nvidia","estado":1,"nombre":"Nvidia GTX 1080 3GB","cantidad":3,"tipo":"tarjetaDeVideo"},"estado":1,"fuenteDePoder":{"estado":1,"nombre":"Cooler Master 500W","capacidad":"500W","tipo":"fuenteDePoder","id":"wOSsGRAvZLQFZzgV26pN","marca":"Cooler Master"},"incidenciasReportadas":0,"monitor":{"estado":1,"nombre":"Monitor IBM X","tipo":"monitor","id":"bKtDboJi7wlKRfvtli1y","marca":"IBM"},"raton":{"nombre":"v50 Inalámbrico","tipo":"raton","id":"jQIJT50sv0ZNMy3p1pWd","marca":"v50","estado":1},"procesador":{"estado":1,"nombre":"Intel Pentium 3.0GHz 2 Núcleos","velocidad":"3.0GHz","tipo":"procesador","id":"WIyg5R5gB6GpWitcLt2F","marca":"Intel"},"discoDuro":{"tipo":"discoDuro","id":"Q7ShGDE08BAIin30XuMc","unidad":"GB","marca":"SATA","estado":1,"nombre":"SATA 500GB","cantidad":500},"tarjetaMadre":{"marca":"Marca","estado":1,"nombre":"Fórmula X","tipo":"tarjetaMadre","id":"QJ5z9mdB1mIUMCSPc3w2"},"nombre":"PC-22","ram":{"tipo":"ram","id":"7B7qOCHvaMPPt3Qzqctw","unidad":"GB","marca":"Kingston","estado":1,"nombre":"8GB Kingston","cantidad":8},"laboratorio":"LC","teclado":{"estado":1,"nombre":"Microsoft SideWinder 4X Keyboard","tipo":"teclado","id":"PPwH9q84o6SUBN2Jqb7s","marca":"Microsoft"},"__collections__":{}},"gSNPI5jdTMtoQS36GSJS":{"estado":1,"fuenteDePoder":{"tipo":"fuenteDePoder","id":"wOSsGRAvZLQFZzgV26pN","marca":"Cooler Master","estado":1,"nombre":"Cooler Master 500W","capacidad":"500W"},"incidenciasReportadas":0,"monitor":{"estado":1,"nombre":"Monitor IBM X","tipo":"monitor","id":"bKtDboJi7wlKRfvtli1y","marca":"IBM"},"raton":{"estado":1,"nombre":"v50 Inalámbrico","tipo":"raton","id":"jQIJT50sv0ZNMy3p1pWd","marca":"v50"},"procesador":{"nombre":"Intel Pentium 3.0GHz 2 Núcleos","velocidad":"3.0GHz","tipo":"procesador","id":"WIyg5R5gB6GpWitcLt2F","marca":"Intel","estado":1},"discoDuro":{"nombre":"SATA 500GB","cantidad":500,"tipo":"discoDuro","id":"Q7ShGDE08BAIin30XuMc","unidad":"GB","marca":"SATA","estado":1},"tarjetaMadre":{"id":"QJ5z9mdB1mIUMCSPc3w2","marca":"Marca","estado":1,"nombre":"Fórmula X","tipo":"tarjetaMadre"},"nombre":"PC-31","ram":{"tipo":"ram","id":"7B7qOCHvaMPPt3Qzqctw","unidad":"GB","marca":"Kingston","estado":1,"nombre":"8GB Kingston","cantidad":8},"laboratorio":"LC","teclado":{"estado":1,"nombre":"Microsoft SideWinder 4X Keyboard","tipo":"teclado","id":"PPwH9q84o6SUBN2Jqb7s","marca":"Microsoft"},"tarjetaDeVideo":{"tipo":"tarjetaDeVideo","id":"5xmnLLI2Iwj8499XHrnx","unidad":"GB","marca":"Nvidia","estado":1,"nombre":"Nvidia GTX 1080 3GB","cantidad":3},"__collections__":{}},"gkIOU5eVV9pZJWwNbaGw":{"estado":1,"fuenteDePoder":{"id":"wOSsGRAvZLQFZzgV26pN","marca":"Cooler Master","estado":1,"nombre":"Cooler Master 500W","capacidad":"500W","tipo":"fuenteDePoder"},"incidenciasReportadas":0,"monitor":{"nombre":"Monitor IBM X","tipo":"monitor","id":"bKtDboJi7wlKRfvtli1y","marca":"IBM","estado":1},"raton":{"id":"jQIJT50sv0ZNMy3p1pWd","marca":"v50","estado":1,"nombre":"v50 Inalámbrico","tipo":"raton"},"procesador":{"nombre":"Intel Pentium 3.0GHz 2 Núcleos","velocidad":"3.0GHz","tipo":"procesador","id":"WIyg5R5gB6GpWitcLt2F","marca":"Intel","estado":1},"discoDuro":{"id":"xjzMs8VR9y4Zmm4cEp4W","unidad":"TB","marca":"SATA","estado":1,"nombre":"1TB SATA","cantidad":1,"tipo":"discoDuro"},"tarjetaMadre":{"nombre":"Fórmula X","tipo":"tarjetaMadre","id":"QJ5z9mdB1mIUMCSPc3w2","marca":"Marca","estado":1},"nombre":"PC-35","ram":{"tipo":"ram","id":"6JguLbZO7gBat3nPmUCF","unidad":"GB","marca":"Kingston","estado":1,"nombre":"16GB Kingston","cantidad":16},"laboratorio":"LC","teclado":{"estado":1,"nombre":"Microsoft SideWinder 4X Keyboard","tipo":"teclado","id":"PPwH9q84o6SUBN2Jqb7s","marca":"Microsoft"},"tarjetaDeVideo":{"tipo":"tarjetaDeVideo","id":"5xmnLLI2Iwj8499XHrnx","unidad":"GB","marca":"Nvidia","estado":1,"nombre":"Nvidia GTX 1080 3GB","cantidad":3},"__collections__":{}},"kyKHUX4V3ylYGYjE8QJr":{"incidenciasReportadas":0,"monitor":{"estado":1,"nombre":"Monitor IBM X","tipo":"monitor","id":"bKtDboJi7wlKRfvtli1y","marca":"IBM"},"raton":{"estado":1,"nombre":"v50 Inalámbrico","tipo":"raton","id":"jQIJT50sv0ZNMy3p1pWd","marca":"v50"},"procesador":{"nombre":"Intel Pentium 3.0GHz 2 Núcleos","velocidad":"3.0GHz","tipo":"procesador","id":"WIyg5R5gB6GpWitcLt2F","marca":"Intel","estado":1},"discoDuro":{"tipo":"discoDuro","id":"xjzMs8VR9y4Zmm4cEp4W","unidad":"TB","marca":"SATA","estado":1,"nombre":"1TB SATA","cantidad":1},"tarjetaMadre":{"marca":"Marca","estado":1,"nombre":"Fórmula X","tipo":"tarjetaMadre","id":"QJ5z9mdB1mIUMCSPc3w2"},"nombre":"PC-13","ram":{"tipo":"ram","id":"6JguLbZO7gBat3nPmUCF","unidad":"GB","marca":"Kingston","estado":1,"nombre":"16GB Kingston","cantidad":16},"laboratorio":"LC","teclado":{"nombre":"Microsoft SideWinder 4X Keyboard","tipo":"teclado","id":"PPwH9q84o6SUBN2Jqb7s","marca":"Microsoft","estado":1},"tarjetaDeVideo":{"estado":1,"nombre":"Nvidia GTX 1080 3GB","cantidad":3,"tipo":"tarjetaDeVideo","id":"5xmnLLI2Iwj8499XHrnx","unidad":"GB","marca":"Nvidia"},"estado":1,"fuenteDePoder":{"tipo":"fuenteDePoder","id":"wOSsGRAvZLQFZzgV26pN","marca":"Cooler Master","estado":1,"nombre":"Cooler Master 500W","capacidad":"500W"},"__collections__":{}},"laoayb3hDuHbBkjg6Ffr":{"raton":{"nombre":"v50 Inalámbrico","tipo":"raton","id":"jQIJT50sv0ZNMy3p1pWd","marca":"v50","estado":1},"procesador":{"nombre":"Intel Pentium 3.0GHz 2 Núcleos","velocidad":"3.0GHz","tipo":"procesador","id":"WIyg5R5gB6GpWitcLt2F","marca":"Intel","estado":1},"discoDuro":{"tipo":"discoDuro","id":"xjzMs8VR9y4Zmm4cEp4W","unidad":"TB","marca":"SATA","estado":1,"nombre":"1TB SATA","cantidad":1},"tarjetaMadre":{"estado":1,"nombre":"Fórmula X","tipo":"tarjetaMadre","id":"QJ5z9mdB1mIUMCSPc3w2","marca":"Marca"},"nombre":"PC-17","ram":{"estado":1,"nombre":"16GB Kingston","cantidad":16,"tipo":"ram","id":"6JguLbZO7gBat3nPmUCF","unidad":"GB","marca":"Kingston"},"laboratorio":"LR","teclado":{"marca":"Microsoft","estado":1,"nombre":"Microsoft SideWinder 4X Keyboard","tipo":"teclado","id":"PPwH9q84o6SUBN2Jqb7s"},"tarjetaDeVideo":{"nombre":"Nvidia GTX 1080 3GB","cantidad":3,"tipo":"tarjetaDeVideo","id":"5xmnLLI2Iwj8499XHrnx","unidad":"GB","marca":"Nvidia","estado":1},"estado":1,"fuenteDePoder":{"id":"wOSsGRAvZLQFZzgV26pN","marca":"Cooler Master","estado":1,"nombre":"Cooler Master 500W","capacidad":"500W","tipo":"fuenteDePoder"},"incidenciasReportadas":0,"monitor":{"nombre":"Monitor IBM X","tipo":"monitor","id":"bKtDboJi7wlKRfvtli1y","marca":"IBM","estado":1},"__collections__":{}},"oeMLVZHbNnEaliS1RTQQ":{"tarjetaMadre":{"id":"QJ5z9mdB1mIUMCSPc3w2","marca":"Marca","estado":1,"nombre":"Fórmula X","tipo":"tarjetaMadre"},"nombre":"PC-15","ram":{"tipo":"ram","id":"6JguLbZO7gBat3nPmUCF","unidad":"GB","marca":"Kingston","estado":1,"nombre":"16GB Kingston","cantidad":16},"laboratorio":"LR","teclado":{"estado":1,"nombre":"Microsoft SideWinder 4X Keyboard","tipo":"teclado","id":"PPwH9q84o6SUBN2Jqb7s","marca":"Microsoft"},"tarjetaDeVideo":{"nombre":"Nvidia GTX 1080 3GB","cantidad":3,"tipo":"tarjetaDeVideo","id":"5xmnLLI2Iwj8499XHrnx","unidad":"GB","marca":"Nvidia","estado":1},"estado":1,"fuenteDePoder":{"marca":"Cooler Master","estado":1,"nombre":"Cooler Master 500W","capacidad":"500W","tipo":"fuenteDePoder","id":"wOSsGRAvZLQFZzgV26pN"},"incidenciasReportadas":0,"monitor":{"id":"bKtDboJi7wlKRfvtli1y","marca":"IBM","estado":1,"nombre":"Monitor IBM X","tipo":"monitor"},"raton":{"nombre":"v50 Inalámbrico","tipo":"raton","id":"jQIJT50sv0ZNMy3p1pWd","marca":"v50","estado":1},"procesador":{"marca":"Intel","estado":1,"nombre":"Intel Pentium 3.0GHz 2 Núcleos","velocidad":"3.0GHz","tipo":"procesador","id":"WIyg5R5gB6GpWitcLt2F"},"discoDuro":{"estado":1,"nombre":"1TB SATA","cantidad":1,"tipo":"discoDuro","id":"xjzMs8VR9y4Zmm4cEp4W","unidad":"TB","marca":"SATA"},"__collections__":{}},"rlCo4yqY0iJCaZMOlMLC":{"tarjetaDeVideo":{"tipo":"tarjetaDeVideo","id":"5xmnLLI2Iwj8499XHrnx","unidad":"GB","marca":"Nvidia","estado":1,"nombre":"Nvidia GTX 1080 3GB","cantidad":3},"estado":1,"fuenteDePoder":{"tipo":"fuenteDePoder","id":"wOSsGRAvZLQFZzgV26pN","marca":"Cooler Master","estado":1,"nombre":"Cooler Master 500W","capacidad":"500W"},"incidenciasReportadas":0,"monitor":{"nombre":"Monitor IBM X","tipo":"monitor","id":"bKtDboJi7wlKRfvtli1y","marca":"IBM","estado":1},"raton":{"estado":1,"nombre":"v50 Inalámbrico","tipo":"raton","id":"jQIJT50sv0ZNMy3p1pWd","marca":"v50"},"procesador":{"nombre":"Intel Pentium 3.0GHz 2 Núcleos","velocidad":"3.0GHz","tipo":"procesador","id":"WIyg5R5gB6GpWitcLt2F","marca":"Intel","estado":1},"discoDuro":{"tipo":"discoDuro","id":"Q7ShGDE08BAIin30XuMc","unidad":"GB","marca":"SATA","estado":1,"nombre":"SATA 500GB","cantidad":500},"tarjetaMadre":{"id":"QJ5z9mdB1mIUMCSPc3w2","marca":"Marca","estado":1,"nombre":"Fórmula X","tipo":"tarjetaMadre"},"nombre":"PC-19","ram":{"tipo":"ram","id":"7B7qOCHvaMPPt3Qzqctw","unidad":"GB","marca":"Kingston","estado":1,"nombre":"8GB Kingston","cantidad":8},"laboratorio":"LC","teclado":{"marca":"Microsoft","estado":1,"nombre":"Microsoft SideWinder 4X Keyboard","tipo":"teclado","id":"PPwH9q84o6SUBN2Jqb7s"},"__collections__":{}},"tYcvYj0zC0LpxAtP2xYw":{"tarjetaMadre":{"nombre":"Fórmula X","tipo":"tarjetaMadre","id":"QJ5z9mdB1mIUMCSPc3w2","marca":"Marca","estado":1},"nombre":"PC-12","ram":{"tipo":"ram","id":"6JguLbZO7gBat3nPmUCF","unidad":"GB","marca":"Kingston","estado":1,"nombre":"16GB Kingston","cantidad":16},"laboratorio":"LC","teclado":{"estado":1,"nombre":"Microsoft SideWinder 4X Keyboard","tipo":"teclado","id":"PPwH9q84o6SUBN2Jqb7s","marca":"Microsoft"},"tarjetaDeVideo":{"marca":"Nvidia","estado":1,"nombre":"Nvidia GTX 1080 3GB","cantidad":3,"tipo":"tarjetaDeVideo","id":"5xmnLLI2Iwj8499XHrnx","unidad":"GB"},"estado":1,"fuenteDePoder":{"marca":"Cooler Master","estado":1,"nombre":"Cooler Master 500W","capacidad":"500W","tipo":"fuenteDePoder","id":"wOSsGRAvZLQFZzgV26pN"},"incidenciasReportadas":0,"monitor":{"estado":1,"nombre":"Monitor IBM X","tipo":"monitor","id":"bKtDboJi7wlKRfvtli1y","marca":"IBM"},"raton":{"nombre":"v50 Inalámbrico","tipo":"raton","id":"jQIJT50sv0ZNMy3p1pWd","marca":"v50","estado":1},"procesador":{"tipo":"procesador","id":"WIyg5R5gB6GpWitcLt2F","marca":"Intel","estado":1,"nombre":"Intel Pentium 3.0GHz 2 Núcleos","velocidad":"3.0GHz"},"discoDuro":{"tipo":"discoDuro","id":"xjzMs8VR9y4Zmm4cEp4W","unidad":"TB","marca":"SATA","estado":1,"nombre":"1TB SATA","cantidad":1},"__collections__":{}},"uP6VVTZXFG0Viy1xabvA":{"incidenciasReportadas":0,"monitor":{"estado":1,"nombre":"Monitor IBM X","tipo":"monitor","id":"bKtDboJi7wlKRfvtli1y","marca":"IBM"},"raton":{"estado":1,"nombre":"v50 Inalámbrico","tipo":"raton","id":"jQIJT50sv0ZNMy3p1pWd","marca":"v50"},"procesador":{"tipo":"procesador","id":"WIyg5R5gB6GpWitcLt2F","marca":"Intel","estado":1,"nombre":"Intel Pentium 3.0GHz 2 Núcleos","velocidad":"3.0GHz"},"discoDuro":{"marca":"SATA","estado":1,"nombre":"SATA 500GB","cantidad":500,"tipo":"discoDuro","id":"Q7ShGDE08BAIin30XuMc","unidad":"GB"},"tarjetaMadre":{"nombre":"Fórmula X","tipo":"tarjetaMadre","id":"QJ5z9mdB1mIUMCSPc3w2","marca":"Marca","estado":1},"nombre":"PC-29","ram":{"estado":1,"nombre":"8GB Kingston","cantidad":8,"tipo":"ram","id":"7B7qOCHvaMPPt3Qzqctw","unidad":"GB","marca":"Kingston"},"laboratorio":"LC","teclado":{"nombre":"Microsoft SideWinder 4X Keyboard","tipo":"teclado","id":"PPwH9q84o6SUBN2Jqb7s","marca":"Microsoft","estado":1},"tarjetaDeVideo":{"tipo":"tarjetaDeVideo","id":"5xmnLLI2Iwj8499XHrnx","unidad":"GB","marca":"Nvidia","estado":1,"nombre":"Nvidia GTX 1080 3GB","cantidad":3},"estado":1,"fuenteDePoder":{"tipo":"fuenteDePoder","id":"wOSsGRAvZLQFZzgV26pN","marca":"Cooler Master","estado":1,"nombre":"Cooler Master 500W","capacidad":"500W"},"__collections__":{}},"ucAJwMev0DGwXqea5tTv":{"ram":{"nombre":"8GB Kingston","cantidad":8,"tipo":"ram","id":"7B7qOCHvaMPPt3Qzqctw","unidad":"GB","marca":"Kingston","estado":1},"laboratorio":"LS2","teclado":{"marca":"Microsoft","estado":2,"nombre":"Microsoft SideWinder 4X Keyboard","tipo":"teclado","id":"PPwH9q84o6SUBN2Jqb7s"},"tarjetaDeVideo":{"tipo":"tarjetaDeVideo","id":"5xmnLLI2Iwj8499XHrnx","unidad":"GB","marca":"Nvidia","estado":1,"nombre":"Nvidia GTX 1080 3GB","cantidad":3},"estado":1,"fuenteDePoder":{"tipo":"fuenteDePoder","id":"wOSsGRAvZLQFZzgV26pN","marca":"Cooler Master","estado":1,"nombre":"Cooler Master 500W","capacidad":"500W"},"incidenciasReportadas":0,"monitor":{"nombre":"Monitor IBM X","tipo":"monitor","id":"bKtDboJi7wlKRfvtli1y","marca":"IBM","estado":1},"raton":{"nombre":"v50 Inalámbrico","tipo":"raton","id":"jQIJT50sv0ZNMy3p1pWd","marca":"v50","estado":1},"procesador":{"nombre":"Intel Pentium 3.0GHz 2 Núcleos","velocidad":"3.0GHz","tipo":"procesador","id":"WIyg5R5gB6GpWitcLt2F","marca":"Intel","estado":2},"discoDuro":{"id":"Q7ShGDE08BAIin30XuMc","unidad":"GB","marca":"SATA","estado":2,"nombre":"SATA 500GB","cantidad":500,"tipo":"discoDuro"},"id":"ucAJwMev0DGwXqea5tTv","tarjetaMadre":{"nombre":"Conroe 1333","tipo":"tarjetaMadre","id":"R8RodlB3rYmQeOUiOA2e","marca":"AsRock","estado":1},"nombre":"PC-01","__collections__":{}},"y9wioD3QRP4Ut1wWogN5":{"raton":{"estado":1,"nombre":"v50 Inalámbrico","tipo":"raton","id":"jQIJT50sv0ZNMy3p1pWd","marca":"v50"},"procesador":{"estado":1,"nombre":"Intel Pentium 3.0GHz 2 Núcleos","velocidad":"3.0GHz","tipo":"procesador","id":"WIyg5R5gB6GpWitcLt2F","marca":"Intel"},"discoDuro":{"tipo":"discoDuro","id":"Q7ShGDE08BAIin30XuMc","unidad":"GB","marca":"SATA","estado":1,"nombre":"SATA 500GB","cantidad":500},"tarjetaMadre":{"estado":1,"nombre":"Fórmula X","tipo":"tarjetaMadre","id":"QJ5z9mdB1mIUMCSPc3w2","marca":"Marca"},"nombre":"PC-32","ram":{"tipo":"ram","id":"7B7qOCHvaMPPt3Qzqctw","unidad":"GB","marca":"Kingston","estado":1,"nombre":"8GB Kingston","cantidad":8},"laboratorio":"LC","teclado":{"marca":"Microsoft","estado":1,"nombre":"Microsoft SideWinder 4X Keyboard","tipo":"teclado","id":"PPwH9q84o6SUBN2Jqb7s"},"tarjetaDeVideo":{"nombre":"Nvidia GTX 1080 3GB","cantidad":3,"tipo":"tarjetaDeVideo","id":"5xmnLLI2Iwj8499XHrnx","unidad":"GB","marca":"Nvidia","estado":1},"estado":1,"fuenteDePoder":{"tipo":"fuenteDePoder","id":"wOSsGRAvZLQFZzgV26pN","marca":"Cooler Master","estado":1,"nombre":"Cooler Master 500W","capacidad":"500W"},"incidenciasReportadas":0,"monitor":{"estado":1,"nombre":"Monitor IBM X","tipo":"monitor","id":"bKtDboJi7wlKRfvtli1y","marca":"IBM"},"__collections__":{}},"z8GqGAWwiBHmRHpfC6ap":{"raton":{"marca":"v50","estado":1,"nombre":"v50 Inalámbrico","tipo":"raton","id":"jQIJT50sv0ZNMy3p1pWd"},"procesador":{"estado":1,"nombre":"Intel Pentium 3.0GHz 2 Núcleos","velocidad":"3.0GHz","tipo":"procesador","id":"WIyg5R5gB6GpWitcLt2F","marca":"Intel"},"discoDuro":{"nombre":"1TB SATA","cantidad":1,"tipo":"discoDuro","id":"xjzMs8VR9y4Zmm4cEp4W","unidad":"TB","marca":"SATA","estado":1},"tarjetaMadre":{"id":"QJ5z9mdB1mIUMCSPc3w2","marca":"Marca","estado":1,"nombre":"Fórmula X","tipo":"tarjetaMadre"},"nombre":"PC-08","ram":{"tipo":"ram","id":"6JguLbZO7gBat3nPmUCF","unidad":"GB","marca":"Kingston","estado":1,"nombre":"16GB Kingston","cantidad":16},"laboratorio":"LS1","teclado":{"nombre":"Microsoft SideWinder 4X Keyboard","tipo":"teclado","id":"PPwH9q84o6SUBN2Jqb7s","marca":"Microsoft","estado":1},"tarjetaDeVideo":{"nombre":"Nvidia GTX 1080 3GB","cantidad":3,"tipo":"tarjetaDeVideo","id":"5xmnLLI2Iwj8499XHrnx","unidad":"GB","marca":"Nvidia","estado":1},"estado":1,"fuenteDePoder":{"tipo":"fuenteDePoder","id":"wOSsGRAvZLQFZzgV26pN","marca":"Cooler Master","estado":1,"nombre":"Cooler Master 500W","capacidad":"500W"},"incidenciasReportadas":0,"monitor":{"marca":"IBM","estado":1,"nombre":"Monitor IBM X","tipo":"monitor","id":"bKtDboJi7wlKRfvtli1y"},"__collections__":{}}}