{"cP2iyP2yknabKzKxzx4V9d:APA91bEdR1gW0DYGyjs35kdl1JAfdOjsFzF35z_YjvTlk-Uq6DO5dQ7dL5IjzIozJWupymW_kEU2ftByoqDF6_KbwA2MrZ20F1n3sNoEKt5zNlBXDJw0cMw3rK5PwyXgbb5H3RXurcjD":{"matricula":"ADMINISTRADOR","uid":"NmVzhwbpjfQvanVJAjHm1qwGCVh2","__collections__":{}},"cfp7LTU0fekrJN7NHNtFZz:APA91bEYaNJO8pdZudHRCbYLePVA94WnfMfdDXe1FQJcopvMzPwwVcuYAGlpOTi9vr8rg5Pe4tFUDEgslvxu4hb8O4sPrTsI2yNnMQw4iFaZJ4HvpCImb5EvRhGy0VQwEceVNSwAT-BR":{"matricula":"RPJO151978","uid":"227TfIuG79dzHehgAxpi87b6Jin2","__collections__":{}},"dPSrGxS0Dfw5BZHi7761e3:APA91bFQlrAl6XttQvSmj0MoHvhroEiF8EoMSk-t2nnU456AAnyRJ5E0GwrVb4oV-ouYBA0UkD6hL5vYZgIwzBtVjnAuhbenDTQCEENIdkeM8VzNDA7IQd_65BEFGAsU03reH12RRJjE":{"matricula":"MCORNELIO","uid":"pjiSFWa2vZco6uVEvsJEl8YZOfH2","__collections__":{}},"dnBK0bu_j_-slGoWbG5tNz:APA91bHV49xSiqjp4FefyVbgZPjSE6_oi2_4A_thKuyLCre6E3AEfwQMM6Zbx0xdP8NLlyYq-_Svd_VX5Vc2xxaAnUcyXPBf2Sg3bt6YVaBTUf0a81PIj6btCqYX9wGhdZXpjcJj_vl_":{"uid":"NmVzhwbpjfQvanVJAjHm1qwGCVh2","matricula":"ADMINISTRADOR","__collections__":{}},"ds1jEC1RgRs3beeO1Zbtha:APA91bGxq3xLeVQGgJ5uyCJnFef4_cSI3NMx7vOuidCEkMhfzXEQ2uLDqLmukNCciO0own0SIyEWPNmxor77CZgn5-63mP1JPANhK78H8FhYzkHkDLej2abuVjrhG8nIyyOTLCXXsLwV":{"matricula":"ADMINISTRADOR","uid":"NmVzhwbpjfQvanVJAjHm1qwGCVh2","__collections__":{}},"eQt4vkkRf70I0a0NumKCGM:APA91bHeieneRjfSf0RPiQhscGrIY-8XjlTTTb0jYjZhqGdTZVyhEGwmetZ0RvH_SSI26vEFQ6Ls5C6GVxVIdR-hqOGd6nY3hZKffoFPBBYH7beRLXIMKr3UP6SJYIAT5gRAvOLofDlx":{"uid":"NmVzhwbpjfQvanVJAjHm1qwGCVh2","__collections__":{}},"eahXa5Jgmj4zd79OYP1ApU:APA91bEI68atQv_IChGduH2N4i7IPpZti6TE1Du2pvP_tVg1Nty6HUcYZCQQoOfqpbO317ap37MVszPSXf-wH1ShEL7sWIG0DEievvasvGCRTHVGIkOFxp8BAwCKYgwslDYomrAKP-ym":{"matricula":"ADMINISTRADOR","uid":"NmVzhwbpjfQvanVJAjHm1qwGCVh2","__collections__":{}},"eyJiYBUgwrTF7Zlc71k1hm:APA91bFTx2e2Ig8czm1pAC1lJYezVslJZArMSPxmBpX0HWq-043VohmrP2YGoD-Cyv-bGBalV_Nt4PArM73f9399TYf-vReS0cGMrxgXPaAqm-MxFYE6eXQzrXo4KVyhmeajIT9kdI-R":{"uid":"NmVzhwbpjfQvanVJAjHm1qwGCVh2","matricula":"ADMINISTRADOR","__collections__":{}},"f1F3JET0XDcEzjEsMQ9U3Z:APA91bGK10Fg7mMNQ0HcFol7DwSzoWAd0mdwFOWYervGYMLdyPGMHsQXRQIvhCG0zafUMw__kwePRH12UG-03KczTcx4gGrAmQrDSahC-JA3qUW7SbBFCrOnGoI17E8G8rw6piBsplbT":{"matricula":"ADMINISTRADOR","uid":"NmVzhwbpjfQvanVJAjHm1qwGCVh2","__collections__":{}},"fBdlfs6YO0tDATgw6LvLt5:APA91bH8XIbWC_1wl1vJmXSJSstz0waip1RD7tbQa-t-Qc54f3XQOGIZ3Gppxna5SqM4I0KkvKe82RJfg3pO7n90R3D_CMiDRnZeg-BUXv7hEKlQNq8YCiUPRwkkXHh7cZYypxPCDf9Y":{"uid":"NmVzhwbpjfQvanVJAjHm1qwGCVh2","__collections__":{}},"fVBxgiFgjbqb-bBp1ZL_uh:APA91bFtXEFEOGVpka4-gXhN_RQripFVmV8023ZwN-6_PfdZZRM9I6M6MhNjzfZ7LQcj_fN698VHYAXDRFjgu_J_Vw1Ti9Es9A47FJ1HHR85XVPvt26kFMut2pZ36M8koROHoHd9JncY":{"uid":"227TfIuG79dzHehgAxpi87b6Jin2","matricula":"RPJO151978","__collections__":{}}}