{"2015-IIF-10A":{"activo":false,"grupo":"10A","letra":"A","generacion":"2015","alumnos":[],"cuatrimestre":"10","carrera":"IIF","__collections__":{}},"2016-IIF-9B":{"activo":true,"grupo":"9B","letra":"B","generacion":"2016","alumnos":["GCLO151861","RPJO151978","OSMO151234"],"cuatrimestre":"9","carrera":"IIF","__collections__":{}},"2016-IIF-9C":{"activo":true,"grupo":"9C","letra":"C","generacion":"2016","alumnos":["CVSO160847","TEST123456","PRJO151978"],"cuatrimestre":"9","carrera":"IIF","__collections__":{}},"2016-LAE-1A":{"activo":true,"grupo":"1A","letra":"A","generacion":"2016","alumnos":[],"cuatrimestre":"1","carrera":"LAE","__collections__":{}},"2016-LAE-1B":{"activo":true,"grupo":"1B","letra":"B","generacion":"2016","alumnos":[],"cuatrimestre":"1","carrera":"LAE","__collections__":{}},"2016-LAE-9B":{"activo":false,"grupo":"9B","letra":"B","generacion":"2016","alumnos":[],"cuatrimestre":"9","carrera":"LAE","__collections__":{}},"2017-IIF-6B":{"grupo":"6B","letra":"B","generacion":"2017","cuatrimestre":"6","carrera":"IIF","activo":true,"__collections__":{}},"2017-ITI-6A":{"cuatrimestre":"6","carrera":"ITI","activo":true,"grupo":"6A","letra":"A","generacion":"2017","__collections__":{}},"2017-ITI-6B":{"activo":true,"grupo":"6B","letra":"B","generacion":"2017","cuatrimestre":"6","carrera":"ITI","__collections__":{}},"2017-ITI-6C":{"cuatrimestre":"6","carrera":"ITI","activo":true,"grupo":"6C","letra":"C","generacion":"2017","__collections__":{}}}