{"GuZeyfbrkbuhwxYSutg2":{"numEquipos":11,"nombre":"Laboratorio de Simulación 1","encargados":["LGERONIMO"],"ultimoNumEquipo":11,"horasDisponibles":{"lunes":["420-1200"],"jueves":["420-1200"],"viernes":["420-1200"],"sabado":["420-1200"],"miercoles":["420-1200"],"martes":["420-1200"]},"clave":"LS1","edificio":"UD1","__collections__":{}},"HLLBn8hsfHHBfyzHRiUQ":{"numEquipos":41,"nombre":"Laboratorio de Cómputo","encargados":["LGERONIMO"],"ultimoNumEquipo":35,"horasDisponibles":{"lunes":["420-1200"],"jueves":["420-1200"],"viernes":[],"sabado":[],"miercoles":["420-1080"],"martes":["420-1200"]},"clave":"LC","edificio":"UD1","__collections__":{}},"iLnixoyvtCjTRpzWNMKm":{"numEquipos":14,"nombre":"Laboratorio de Redes","encargados":["ADMINISTRADOR"],"ultimoNumEquipo":19,"horasDisponibles":{"lunes":["420-1200"],"jueves":["420-1200"],"viernes":["420-1200"],"sabado":["420-1200"],"miercoles":["420-1200"],"martes":["420-1200"]},"clave":"LR","edificio":"LT1","__collections__":{}},"ozpq0xqbe1Rk8GnAUQOr":{"horasDisponibles":{"lunes":["420-1200"],"jueves":["420-1200"],"viernes":["420-1200"],"sabado":["420-1200"],"miercoles":["420-1200"],"martes":["420-1200"]},"clave":"LS4","edificio":"UD2","nombre":"Laboratorio de Simulación 4","encargados":["MMARTINEZ"],"__collections__":{}},"rLmuYWQEK9W9DPG7vdGl":{"encargados":["JRODRIGUEZ"],"ultimoNumEquipo":8,"horasDisponibles":{"miercoles":["420-1200"],"martes":["420-1200"],"lunes":["420-1200"],"jueves":["420-1200"],"viernes":["420-1200"],"sabado":["420-1200"]},"clave":"LS2","edificio":"LT1","numEquipos":8,"nombre":"Laboratorio de Simulación 2","__collections__":{}},"wO6BtSOU1cPsm69hKrei":{"horasDisponibles":{"jueves":["420-1200"],"viernes":["420-1200"],"sabado":["420-1200"],"miercoles":["420-1200"],"martes":["420-1200"],"lunes":["420-1200"]},"clave":"LS3","edificio":"UD2","nombre":"Laboratorio de Simulación 3","encargados":["MMARTINEZ"],"__collections__":{}}}