{"3JMlsj3aWWcRJhDY62cr":{"nombre":"Plantilla nueva","tarjetaMadre":{"marca":"Marca","estado":1,"nombre":"Fórmula X","tipo":"tarjetaMadre","id":"QJ5z9mdB1mIUMCSPc3w2"},"ram":{"tipo":"ram","id":"7B7qOCHvaMPPt3Qzqctw","unidad":"GB","marca":"Kingston","estado":1,"nombre":"8GB Kingston","cantidad":8},"teclado":{"nombre":"Microsoft SideWinder 4X Keyboard","tipo":"teclado","id":"PPwH9q84o6SUBN2Jqb7s","marca":"Microsoft","estado":1},"tarjetaDeVideo":{"tipo":"tarjetaDeVideo","id":"5xmnLLI2Iwj8499XHrnx","unidad":"GB","marca":"Nvidia","estado":1,"nombre":"Nvidia GTX 1080 3GB","cantidad":3},"fuenteDePoder":{"tipo":"fuenteDePoder","id":"wOSsGRAvZLQFZzgV26pN","marca":"Cooler Master","estado":1,"nombre":"Cooler Master 500W","capacidad":"500W"},"estado":1,"incidenciasReportadas":0,"monitor":{"estado":1,"nombre":"Monitor IBM X","tipo":"monitor","id":"bKtDboJi7wlKRfvtli1y","marca":"IBM"},"raton":{"marca":"v50","estado":1,"nombre":"v50 Inalámbrico","tipo":"raton","id":"jQIJT50sv0ZNMy3p1pWd"},"procesador":{"tipo":"procesador","id":"WIyg5R5gB6GpWitcLt2F","marca":"Intel","estado":1,"nombre":"Intel Pentium 3.0GHz 2 Núcleos","velocidad":"3.0GHz"},"discoDuro":{"tipo":"discoDuro","id":"Q7ShGDE08BAIin30XuMc","unidad":"GB","marca":"SATA","estado":1,"nombre":"SATA 500GB","cantidad":500},"__collections__":{}},"RcyRpH8YLty3qzUtEdnI":{"id":"RcyRpH8YLty3qzUtEdnI","nombre":"PC-LS1 Modif","tarjetaMadre":{"nombre":"Fórmula X","tipo":"tarjetaMadre","id":"QJ5z9mdB1mIUMCSPc3w2","marca":"Marca"},"ram":{"id":"7B7qOCHvaMPPt3Qzqctw","unidad":"GB","marca":"Kingston","nombre":"8GB Kingston","cantidad":8,"tipo":"ram"},"teclado":{"nombre":"Microsoft SideWinder 4X Keyboard","tipo":"teclado","id":"PPwH9q84o6SUBN2Jqb7s","marca":"Microsoft"},"tipo":"equipo","tarjetaDeVideo":{"tipo":"tarjetaDeVideo","id":"5xmnLLI2Iwj8499XHrnx","unidad":"GB","marca":"Nvidia","nombre":"Nvidia GTX 1080 3GB","cantidad":3},"fuenteDePoder":{"nombre":"Cooler Master 500W","tipo":"fuenteDePoder","capacidad":"500W","id":"wOSsGRAvZLQFZzgV26pN","marca":"Cooler Master"},"monitor":{"nombre":"Monitor IBM X","tipo":"monitor","id":"bKtDboJi7wlKRfvtli1y","marca":"IBM"},"raton":{"id":"jQIJT50sv0ZNMy3p1pWd","marca":"v50","nombre":"v50 Inalámbrico","tipo":"raton"},"procesador":{"marca":"Intel","nombre":"Intel Pentium 3.0GHz 2 Núcleos","tipo":"procesador","id":"WIyg5R5gB6GpWitcLt2F","velocidad":"3.0GHz"},"discoDuro":{"nombre":"SATA 500GB","cantidad":500,"tipo":"discoDuro","id":"Q7ShGDE08BAIin30XuMc","unidad":"GB","marca":"SATA"},"__collections__":{}},"WvaO82v06Xd1z03jaydO":{"discoDuro":{"tipo":"discoDuro","id":"Q7ShGDE08BAIin30XuMc","unidad":"GB","marca":"SATA","nombre":"SATA 500GB","cantidad":500},"procesador":{"marca":"Intel","nombre":"Intel Pentium 3.0GHz 2 Núcleos","tipo":"procesador","id":"WIyg5R5gB6GpWitcLt2F","velocidad":"3.0GHz"},"teclado":{"nombre":"Microsoft SideWinder 4X Keyboard","tipo":"teclado","id":"PPwH9q84o6SUBN2Jqb7s","marca":"Microsoft"},"tipo":"equipo","tarjetaDeVideo":{"nombre":"Nvidia GTX 1080 3GB","cantidad":3,"tipo":"tarjetaDeVideo","id":"5xmnLLI2Iwj8499XHrnx","unidad":"GB","marca":"Nvidia"},"fuenteDePoder":{"nombre":"Cooler Master 500W","tipo":"fuenteDePoder","capacidad":"500W","id":"wOSsGRAvZLQFZzgV26pN","marca":"Cooler Master"},"tarjetaMadre":{"nombre":"Fórmula X","tipo":"tarjetaMadre","id":"QJ5z9mdB1mIUMCSPc3w2","marca":"Marca"},"nombre":"PC-LR1","monitor":{"marca":"IBM","nombre":"Monitor IBM X","tipo":"monitor","id":"bKtDboJi7wlKRfvtli1y"},"ram":{"tipo":"ram","id":"7B7qOCHvaMPPt3Qzqctw","unidad":"GB","marca":"Kingston","nombre":"8GB Kingston","cantidad":8},"raton":{"nombre":"v50 Inalámbrico","tipo":"raton","id":"jQIJT50sv0ZNMy3p1pWd","marca":"v50"},"__collections__":{}},"ZLna51zvuumGk0UzgAIF":{"fuenteDePoder":{"nombre":"Cooler Master 500W","capacidad":"500W","tipo":"fuenteDePoder","id":"wOSsGRAvZLQFZzgV26pN","marca":"Cooler Master","estado":1},"estado":1,"tarjetaMadre":{"id":"QJ5z9mdB1mIUMCSPc3w2","marca":"Marca","estado":1,"nombre":"Fórmula X","tipo":"tarjetaMadre"},"incidenciasReportadas":0,"monitor":{"marca":"IBM","estado":1,"nombre":"Monitor IBM X","tipo":"monitor","id":"bKtDboJi7wlKRfvtli1y"},"ram":{"tipo":"ram","id":"6JguLbZO7gBat3nPmUCF","unidad":"GB","marca":"Kingston","estado":1,"nombre":"16GB Kingston","cantidad":16},"raton":{"id":"jQIJT50sv0ZNMy3p1pWd","marca":"v50","estado":1,"nombre":"v50 Inalámbrico","tipo":"raton"},"discoDuro":{"estado":1,"nombre":"1TB SATA","cantidad":1,"tipo":"discoDuro","id":"xjzMs8VR9y4Zmm4cEp4W","unidad":"TB","marca":"SATA"},"teclado":{"id":"PPwH9q84o6SUBN2Jqb7s","marca":"Microsoft","estado":1,"nombre":"Microsoft SideWinder 4X Keyboard","tipo":"teclado"},"procesador":{"tipo":"procesador","id":"WIyg5R5gB6GpWitcLt2F","marca":"Intel","estado":1,"nombre":"Intel Pentium 3.0GHz 2 Núcleos","velocidad":"3.0GHz"},"tarjetaDeVideo":{"nombre":"Nvidia GTX 1080 3GB","cantidad":3,"tipo":"tarjetaDeVideo","id":"5xmnLLI2Iwj8499XHrnx","unidad":"GB","marca":"Nvidia","estado":1},"__collections__":{}},"n6VqRgMxBrTnGKvqI0rI":{"id":"n6VqRgMxBrTnGKvqI0rI","tarjetaMadre":{"marca":"Marca","estado":1,"nombre":"Fórmula X","tipo":"tarjetaMadre","id":"QJ5z9mdB1mIUMCSPc3w2"},"nombre":"Plantilla 2","ram":{"tipo":"ram","id":"6JguLbZO7gBat3nPmUCF","unidad":"GB","marca":"Kingston","estado":1,"nombre":"16GB Kingston","cantidad":16},"teclado":{"nombre":"Microsoft SideWinder 4X Keyboard","tipo":"teclado","id":"PPwH9q84o6SUBN2Jqb7s","marca":"Microsoft","estado":1},"tipo":"equipo","tarjetaDeVideo":{"marca":"Nvidia","estado":1,"nombre":"Nvidia GTX 1080 3GB","cantidad":3,"tipo":"tarjetaDeVideo","id":"5xmnLLI2Iwj8499XHrnx","unidad":"GB"},"estado":1,"fuenteDePoder":{"id":"wOSsGRAvZLQFZzgV26pN","marca":"Cooler Master","estado":1,"nombre":"Cooler Master 500W","capacidad":"500W","tipo":"fuenteDePoder"},"incidenciasReportadas":0,"monitor":{"nombre":"Monitor IBM X","tipo":"monitor","id":"bKtDboJi7wlKRfvtli1y","marca":"IBM","estado":1},"raton":{"nombre":"v50 Inalámbrico","tipo":"raton","id":"jQIJT50sv0ZNMy3p1pWd","marca":"v50","estado":1},"procesador":{"tipo":"procesador","id":"WIyg5R5gB6GpWitcLt2F","marca":"Intel","estado":1,"nombre":"Intel Pentium 3.0GHz 2 Núcleos","velocidad":"3.0GHz"},"discoDuro":{"tipo":"discoDuro","id":"xjzMs8VR9y4Zmm4cEp4W","unidad":"TB","marca":"SATA","estado":1,"nombre":"1TB SATA","cantidad":1},"__collections__":{}}}