{"PREGUNTAS":{"preguntas":[{"id":"569e778c9aad64efd143","pregunta":"¿Cómo califica la rapidez del técnico al solucionar su problema?"},{"id":"139e81f55e24f500baf2","pregunta":"¿Cómo califica la solución que le dio el técnico?"},{"id":"a612b04e8a427c575385","pregunta":"Si habló por el chat, ¿cómo califica la atención del técnico?"},{"id":"c4b3f73942f03accd322","pregunta":"Si habló por el chat, ¿cómo califica la rapidez del técnico en contestarle?"},{"id":"436027d6eed8b292207e","pregunta":"Si habló por el chat, ¿cómo califica su interfaz y usabilidad?"}],"__collections__":{}}}