{"AULLOA":{"carreras":{"IET":false,"IIF":true,"ITI":true},"nombre":"Alondra","matricula":"AULLOA","apellidoM":"Valdez","correo":"aulloa@upemor.edu.mx","apellidoP":"Ulloa","__collections__":{}},"DHERNANDEZR":{"matricula":"DHERNANDEZR","apellidoM":"Rabadán","correo":"dhernandezr@upemor.edu.mx","apellidoP":"Hernández","carreras":{"IET":false,"IIF":true,"ITI":true},"nombre":"Deny Lizbeth","__collections__":{}},"JALMAZAN":{"apellidoM":"Sánchez","correo":"jalmazan@upemor.edu.mx","apellidoP":"Almazán","carreras":{"IIF":true,"ITI":true,"IET":false},"nombre":"Jesús Javier","matricula":"JALMAZAN","__collections__":{}},"JCONTRERAS":{"apellidoM":"Sánchez","correo":"jcontreras@upemor.edu.mx","apellidoP":"Contreras","carreras":{"IET":false,"IIF":true,"ITI":true},"nombre":"Josefina","matricula":"JCONTRERAS","__collections__":{}},"JCRUZ":{"matricula":"JCRUZ","apellidoM":"Pérez","correo":"jcruz@upemor.edu.mx","apellidoP":"Cruz","carreras":{"ITI":true,"IET":false,"IIF":true},"nombre":"Juan José","__collections__":{}},"JZAGAL":{"carreras":{"IET":false,"IIF":true,"ITI":true},"nombre":"Jesús Enrique","matricula":"JZAGAL","apellidoM":"Solano","correo":"jzagal@upemor.edu.mx","apellidoP":"Zagal","__collections__":{}},"LSANDRA":{"matricula":"LSANDRA","apellidoM":"Sosa","correo":"lsandra@upemor.edu.mx","apellidoP":"León","carreras":{"IIF":true,"ITI":true,"IET":false},"nombre":"Sandra Elizabeth","__collections__":{}},"PRUEBA":{"nombre":"Peub","matricula":"PRUEBA","apellidoM":"Prueb","correo":"prueba@upemor.edu.mx","apellidoP":"Prueba","carreras":{"IET":false,"IIF":true,"ITI":true},"__collections__":{}},"RHUERTA":{"apellidoP":"Eloisa","carreras":{"IET":false,"IIF":true,"ITI":true},"nombre":"Rosario","matricula":"RHUERTA","apellidoM":"Huerta","correo":"rhuerta@upemor.edu.mx","__collections__":{}},"VGARCIA":{"correo":"vgarcia@upemor.edu.mx","apellidoP":"García","carreras":{"IIF":true,"ITI":true,"IET":false},"nombre":"Venus Karina","matricula":"VGARCIA","apellidoM":"González","__collections__":{}}}