{"0RxanCft5RgrV1lTQDCK":{"dia":"martes","usuario":{"nombre":"Alondra","apellidoP":"Ulloa","matricula":"AULLOA","rol":2,"apellidoM":"Valdez"},"laboratorio":{"clave":"LS3","nombre":"Laboratorio de Simulación 3"},"clase":{"alumnos":["CVSO160847","TEST123456","PRJO151978"],"horario":null,"cuatrimestre":"9","laboratorios":[],"profesor":"Alondra Ulloa Valdez","materia":"Interacción Humano-Computadora (IHC)","dias":[],"materiaID":"IHC","grupoID":"2016-IIF-9C","carreraID":"IIF","tipo":"Permanente","claseID":"2016-IIF-9C-IHC","profesorID":"AULLOA","configuracion":{"minFalta":15,"minRetardo":10}},"horaFinal":1080,"cambioDeLaboratorio":true,"tipo":1,"horaInicial":900,"timestamp":"Tue Nov 19 2019","estado":1,"__collections__":{}},"F9NCb5EY2XrRypphm86x":{"clase":{"profesor":"Alondra Ulloa Valdez","materia":"Interacción Humano-Computadora (IHC)","dias":["miercoles-ls1","lunes-lc","viernes-lc","martes-lc"],"materiaID":"IHC","grupoID":"2016-IIF-9B","carreraID":"IIF","tipo":"Permanente","claseID":"2016-IIF-9B-IHC","profesorID":"AULLOA","configuracion":{"minFalta":15,"minRetardo":10},"alumnos":["GCLO151861","RPJO151978","OSMO151234"],"horario":{"lunes-lc":{"horaFinal":1200,"horaInicial":420},"miercoles-ls1":{"horaFinal":660,"horaInicial":420},"viernes-lc":{"horaInicial":780,"horaFinal":960},"martes-lc":{"horaFinal":900,"horaInicial":720}},"cuatrimestre":"9","laboratorios":["LC","LS1"]},"horaFinal":720,"cambioDeLaboratorio":true,"tipo":1,"horaInicial":660,"timestamp":"Sun Oct 27 2019","estado":2,"dia":"martes","usuario":{"apellidoM":"Valdez","nombre":"Alondra","apellidoP":"Ulloa","matricula":"AULLOA","rol":2},"laboratorio":{"clave":"LC","nombre":"Laboratorio de Cómputo"},"__collections__":{}},"HZmNhoLQPNrCyvBZ5qDo":{"dia":"miercoles","usuario":{"nombre":"Alondra","apellidoP":"Ulloa","matricula":"AULLOA","rol":2,"apellidoM":"Valdez"},"laboratorio":{"clave":"LC","nombre":"Laboratorio de Cómputo"},"clase":{"profesor":"Alondra Ulloa Valdez","materia":"Interacción Humano-Computadora (IHC)","dias":["lunes-ls1","miercoles-lc"],"materiaID":"IHC","grupoID":"2016-IIF-9C","carreraID":"IIF","tipo":"Permanente","claseID":"2016-IIF-9C-IHC","profesorID":"AULLOA","configuracion":{"minFalta":15,"minRetardo":10},"alumnos":["CVSO160847","TEST123456"],"horario":{"lunes-ls1":{"horaFinal":1200,"horaInicial":420},"miercoles-lc":{"horaFinal":600,"horaInicial":420}},"cuatrimestre":"9","laboratorios":["LC","LS1"]},"horaFinal":660,"cambioDeLaboratorio":true,"tipo":1,"horaInicial":600,"timestamp":"Tue Oct 29 2019","estado":1,"__collections__":{}},"T4F22qzOq6ijB4kcfVUX":{"dia":"miercoles","usuario":{"nombre":"Alondra","apellidoP":"Ulloa","matricula":"AULLOA","rol":2,"apellidoM":"Valdez"},"laboratorio":{"clave":"LC","nombre":"Laboratorio de Cómputo"},"clase":{"profesor":"Alondra Ulloa Valdez","materia":"Interacción Humano-Computadora (IHC)","dias":["miercoles-ls1","lunes-lc","viernes-lc","martes-lc"],"materiaID":"IHC","grupoID":"2016-IIF-9B","carreraID":"IIF","tipo":"Permanente","claseID":"2016-IIF-9B-IHC","profesorID":"AULLOA","configuracion":{"minFalta":15,"minRetardo":10},"alumnos":["GCLO151861","RPJO151978","OSMO151234"],"horario":{"viernes-lc":{"horaFinal":960,"horaInicial":780},"martes-lc":{"horaFinal":900,"horaInicial":720},"lunes-lc":{"horaFinal":1200,"horaInicial":420},"miercoles-ls1":{"horaFinal":660,"horaInicial":420}},"cuatrimestre":"9","laboratorios":["LC","LS1"]},"horaFinal":1140,"cambioDeLaboratorio":false,"tipo":1,"horaInicial":960,"timestamp":"Mon Oct 28 2019","estado":3,"__collections__":{}},"ZSdnKajEJvNtbvGuTUqi":{"clase":{"horario":{"miercoles-lc":{"horaFinal":600,"horaInicial":420},"lunes-ls1":{"horaFinal":1200,"horaInicial":420}},"cuatrimestre":"9","laboratorios":["LC","LS1"],"profesor":"Alondra Ulloa Valdez","materia":"Interacción Humano-Computadora (IHC)","dias":["lunes-ls1","miercoles-lc"],"materiaID":"IHC","grupoID":"2016-IIF-9C","carreraID":"IIF","tipo":"Permanente","claseID":"2016-IIF-9C-IHC","profesorID":"AULLOA","configuracion":{"minFalta":15,"minRetardo":10},"alumnos":["CVSO160847","TEST123456"]},"horaFinal":1020,"cambioDeLaboratorio":true,"tipo":1,"horaInicial":780,"timestamp":"Mon Oct 28 2019","estado":1,"dia":"martes","usuario":{"matricula":"AULLOA","rol":2,"apellidoM":"Valdez","nombre":"Alondra","apellidoP":"Ulloa"},"laboratorio":{"nombre":"Laboratorio de Simulación 1","clave":"LS1"},"__collections__":{}},"ag7WyQd6bZNX5A5WccFR":{"horaInicial":600,"timestamp":"Tue Oct 29 2019","estado":1,"dia":"martes","usuario":{"matricula":"AULLOA","rol":2,"apellidoM":"Valdez","nombre":"Alondra","apellidoP":"Ulloa"},"laboratorio":{"nombre":"Laboratorio de Cómputo","clave":"LC"},"clase":{"profesor":"Alondra Ulloa Valdez","materia":"Interacción Humano-Computadora (IHC)","dias":["miercoles-ls1","lunes-lc","viernes-lc","martes-lc"],"materiaID":"IHC","grupoID":"2016-IIF-9B","carreraID":"IIF","tipo":"Permanente","claseID":"2016-IIF-9B-IHC","profesorID":"AULLOA","configuracion":{"minFalta":15,"minRetardo":10},"alumnos":["GCLO151861","RPJO151978","OSMO151234"],"horario":{"lunes-lc":{"horaInicial":420,"horaFinal":1200},"miercoles-ls1":{"horaFinal":660,"horaInicial":420},"viernes-lc":{"horaInicial":780,"horaFinal":960},"martes-lc":{"horaFinal":900,"horaInicial":720}},"cuatrimestre":"9","laboratorios":["LC","LS1"]},"horaFinal":720,"cambioDeLaboratorio":true,"tipo":1,"__collections__":{}},"q4RgA0Rt8RjRefRS9zYN":{"horaInicial":840,"timestamp":"Tue Oct 29 2019","estado":1,"dia":"martes","usuario":{"nombre":"Alondra","apellidoP":"Ulloa","matricula":"AULLOA","rol":2,"apellidoM":"Valdez"},"laboratorio":{"clave":"LC","nombre":"Laboratorio de Cómputo"},"clase":{"horario":{"lunes-lc":{"horaFinal":1200,"horaInicial":420},"miercoles-ls1":{"horaInicial":420,"horaFinal":660},"viernes-lc":{"horaInicial":780,"horaFinal":1020},"martes-lc":{"horaFinal":840,"horaInicial":780}},"cuatrimestre":"9","laboratorios":["LC","LS1"],"profesor":"Alondra Ulloa Valdez","materia":"Interacción Humano-Computadora (IHC)","dias":["miercoles-ls1","lunes-lc","viernes-lc","martes-lc"],"materiaID":"IHC","grupoID":"2016-IIF-9B","carreraID":"IIF","tipo":"Permanente","claseID":"2016-IIF-9B-IHC","profesorID":"AULLOA","configuracion":{"minFalta":15,"minRetardo":10},"alumnos":["GCLO151861","RPJO151978","OSMO151234"]},"horaFinal":1020,"cambioDeLaboratorio":true,"tipo":1,"__collections__":{}},"ulAwYFpyfvVSVNkreutr":{"horaInicial":720,"timestamp":"Mon Oct 28 2019","estado":1,"dia":"lunes","usuario":{"matricula":"AULLOA","rol":2,"apellidoM":"Valdez","nombre":"Alondra","apellidoP":"Ulloa"},"laboratorio":{"clave":"LS2","nombre":"Laboratorio de Simulación 2"},"clase":{"carreraID":"IIF","tipo":"Permanente","claseID":"2016-IIF-9C-IHC","profesorID":"AULLOA","configuracion":{"minFalta":15,"minRetardo":10},"alumnos":["CVSO160847","TEST123456"],"horario":{"miercoles-lc":{"horaInicial":420,"horaFinal":600},"lunes-ls1":{"horaInicial":420,"horaFinal":1200}},"cuatrimestre":"9","laboratorios":["LC","LS1"],"profesor":"Alondra Ulloa Valdez","materia":"Interacción Humano-Computadora (IHC)","dias":["lunes-ls1","miercoles-lc"],"materiaID":"IHC","grupoID":"2016-IIF-9C"},"horaFinal":960,"cambioDeLaboratorio":true,"tipo":1,"__collections__":{}}}