{"MCORNELIO":{"matricula":"MCORNELIO","apellidoM":"Sanchez","correo":"mcornelio@upemor.edu.mx","nombre":"Cornelio","apellidoP":"Morales","__collections__":{}},"ROJO":{"apellidoM":"Pérez","correo":"rojo@upemor.edu.mx","nombre":"Josué Eduardo","apellidoP":"Rodríguez","matricula":"ROJO","__collections__":{}},"RPJO151978":{"matricula":"RPJO151978","apellidoM":"Pérez","correo":"rpjo151978@upemor.edu.mx","nombre":"Josué Eduardo","apellidoP":"Rodríguez","__collections__":{}},"SUPERADMINISTRADOR":{"matricula":"SUPERADMINISTRADOR","apellidoM":"NUEVO","correo":"superadministrador@upemor.edu.mx","nombre":"SUPER","apellidoP":"ADMINISTRADOR","__collections__":{}}}