{"5kODHnS1MD2hYGeOc0KY":{"dispositivos":{"software":false,"cableEthernet":false,"pantalla":false,"otro":"","raton":true,"teclado":false},"usuario":{"matricula":"RPJO151978","apellidoM":"Pérez","apellidoP":"Rodríguez","rol":1,"grupo":"2016-IIF-9B","nombre":"Josué Eduardo"},"laboratorio":"LC","comun":{"id":3,"titulo":"El ratón no funciona correctamente","tipo":2},"tipo":{"titulo":"Hardware","id":2},"timestamp":"Sat Oct 26 2019","estado":2,"descripcion":"No funciona el ratón","chat":[{"sala":"5kODHnS1MD2hYGeOc0KY","timestamp":"1572128790970","nombre":"Mr Administrador","mensaje":"Hola\n","img":"assets/images/users/1.jpg","matricula":"ADMINISTRADOR"},{"sala":"5kODHnS1MD2hYGeOc0KY","timestamp":"1572128812351","nombre":"Josué Eduardo Rodríguez","mensaje":"Hola\n","img":"assets/images/users/2.jpg","matricula":"RPJO151978"},{"img":"assets/images/users/1.jpg","matricula":"ADMINISTRADOR","sala":"5kODHnS1MD2hYGeOc0KY","timestamp":"1572379900964","nombre":"Mr Administrador","mensaje":"Hola\n"},{"timestamp":"1572392021495","nombre":"Josué Eduardo Rodríguez","mensaje":"HOla","img":"","matricula":"RPJO151978","sala":"5kODHnS1MD2hYGeOc0KY"},{"timestamp":"1572392382268","nombre":"Josué Eduardo Rodríguez","mensaje":"Enviando mensajes","img":"","matricula":"RPJO151978","sala":"5kODHnS1MD2hYGeOc0KY"},{"nombre":"Josué Eduardo Rodríguez","mensaje":"Funciona","img":"","matricula":"RPJO151978","sala":"5kODHnS1MD2hYGeOc0KY","timestamp":"1572392660201"},{"img":"","matricula":"RPJO151978","sala":"5kODHnS1MD2hYGeOc0KY","timestamp":"1572392834200","nombre":"Josué Eduardo Rodríguez","mensaje":"HOla Líder"},{"img":"","matricula":"RPJO151978","sala":"5kODHnS1MD2hYGeOc0KY","timestamp":"1572392836869","nombre":"Josué Eduardo Rodríguez","mensaje":"me lees lider?"},{"img":"","matricula":"RPJO151978","sala":"5kODHnS1MD2hYGeOc0KY","timestamp":"1572392843228","nombre":"Josué Eduardo Rodríguez","mensaje":"te molesto Líder?"},{"sala":"5kODHnS1MD2hYGeOc0KY","timestamp":"1572393406407","nombre":"Josué Eduardo Rodríguez","mensaje":"mas mensajes","img":"","matricula":"RPJO151978"},{"nombre":"Josué Eduardo Rodríguez","mensaje":"...","img":"","matricula":"RPJO151978","sala":"5kODHnS1MD2hYGeOc0KY","timestamp":"1572393410857"},{"sala":"5kODHnS1MD2hYGeOc0KY","timestamp":"1572393413492","nombre":"Josué Eduardo Rodríguez","mensaje":"prueba de mensajes","img":"","matricula":"RPJO151978"},{"img":"","matricula":"RPJO151978","sala":"5kODHnS1MD2hYGeOc0KY","timestamp":"1572405609625","nombre":"Josué Eduardo Rodríguez","mensaje":"Hola"},{"sala":"5kODHnS1MD2hYGeOc0KY","timestamp":"1572410031259","nombre":"Josué Eduardo Rodríguez","mensaje":"HOla","img":"","matricula":"RPJO151978"},{"matricula":"RPJO151978","sala":"5kODHnS1MD2hYGeOc0KY","timestamp":"1572417201537","nombre":"Josué Eduardo Rodríguez","mensaje":"Hola","img":""},{"timestamp":"1572417343161","nombre":"Josué Eduardo Rodríguez","mensaje":"Hola","img":"","matricula":"RPJO151978","sala":"5kODHnS1MD2hYGeOc0KY"},{"timestamp":"1572417397248","nombre":"Josué Eduardo Rodríguez","mensaje":"Hola","img":"","matricula":"RPJO151978","sala":"5kODHnS1MD2hYGeOc0KY"},{"sala":"5kODHnS1MD2hYGeOc0KY","timestamp":"1572418113469","nombre":"Josué Eduardo Rodríguez","mensaje":"HOla","img":"","matricula":"RPJO151978"},{"timestamp":"1572418156928","nombre":"Josué Eduardo Rodríguez","mensaje":"Hola","img":"","matricula":"RPJO151978","sala":"5kODHnS1MD2hYGeOc0KY"},{"nombre":"Josué Eduardo Rodríguez","mensaje":"Hola","img":"","matricula":"RPJO151978","sala":"5kODHnS1MD2hYGeOc0KY","timestamp":"1572418193648"},{"nombre":"Josué Eduardo Rodríguez","mensaje":"asdf","img":"","matricula":"RPJO151978","sala":"5kODHnS1MD2hYGeOc0KY","timestamp":"1572418197913"},{"nombre":"Josué Eduardo Rodríguez","mensaje":"Hola","img":"","matricula":"RPJO151978","sala":"5kODHnS1MD2hYGeOc0KY","timestamp":"1572418803207"},{"sala":"5kODHnS1MD2hYGeOc0KY","timestamp":"1572418807422","nombre":"Josué Eduardo Rodríguez","mensaje":"asdf","img":"","matricula":"RPJO151978"},{"timestamp":"1572418809742","nombre":"Josué Eduardo Rodríguez","mensaje":"asdfk","img":"","matricula":"RPJO151978","sala":"5kODHnS1MD2hYGeOc0KY"},{"timestamp":"1572418810483","nombre":"Josué Eduardo Rodríguez","mensaje":"asdf","img":"","matricula":"RPJO151978","sala":"5kODHnS1MD2hYGeOc0KY"},{"nombre":"Josué Eduardo Rodríguez","mensaje":"asdflk","img":"","matricula":"RPJO151978","sala":"5kODHnS1MD2hYGeOc0KY","timestamp":"1572418811273"},{"sala":"5kODHnS1MD2hYGeOc0KY","timestamp":"1572418812023","nombre":"Josué Eduardo Rodríguez","mensaje":"asdfl","img":"","matricula":"RPJO151978"},{"nombre":"Josué Eduardo Rodríguez","mensaje":"asdflk","img":"","matricula":"RPJO151978","sala":"5kODHnS1MD2hYGeOc0KY","timestamp":"1572418812912"},{"sala":"5kODHnS1MD2hYGeOc0KY","timestamp":"1572419115153","nombre":"Josué Eduardo Rodríguez","mensaje":null,"img":"","matricula":"RPJO151978"},{"nombre":"Josué Eduardo Rodríguez","mensaje":"hola","img":"","matricula":"RPJO151978","sala":"5kODHnS1MD2hYGeOc0KY","timestamp":"1572419117066"},{"nombre":"Josué Eduardo Rodríguez","mensaje":"Hola","img":"","matricula":"RPJO151978","sala":"5kODHnS1MD2hYGeOc0KY","timestamp":"1572419178639"},{"timestamp":"1572419207791","nombre":"Josué Eduardo Rodríguez","mensaje":null,"img":"","matricula":"RPJO151978","sala":"5kODHnS1MD2hYGeOc0KY"},{"nombre":"Josué Eduardo Rodríguez","mensaje":null,"img":"","matricula":"RPJO151978","sala":"5kODHnS1MD2hYGeOc0KY","timestamp":"1572419210180"},{"img":"","matricula":"RPJO151978","sala":"5kODHnS1MD2hYGeOc0KY","timestamp":"1572463155731","nombre":"Josué Eduardo Rodríguez","mensaje":null},{"matricula":"RPJO151978","sala":"5kODHnS1MD2hYGeOc0KY","timestamp":"1572463709455","nombre":"Josué Eduardo Rodríguez","mensaje":null,"img":""},{"timestamp":"1572463709684","nombre":"Josué Eduardo Rodríguez","mensaje":null,"img":"","matricula":"RPJO151978","sala":"5kODHnS1MD2hYGeOc0KY"},{"timestamp":"1572463709843","nombre":"Josué Eduardo Rodríguez","mensaje":null,"img":"","matricula":"RPJO151978","sala":"5kODHnS1MD2hYGeOc0KY"},{"sala":"5kODHnS1MD2hYGeOc0KY","timestamp":"1572463710013","nombre":"Josué Eduardo Rodríguez","mensaje":null,"img":"","matricula":"RPJO151978"},{"timestamp":"1572463712761","nombre":"Josué Eduardo Rodríguez","mensaje":null,"img":"","matricula":"RPJO151978","sala":"5kODHnS1MD2hYGeOc0KY"},{"timestamp":"1572463713151","nombre":"Josué Eduardo Rodríguez","mensaje":null,"img":"","matricula":"RPJO151978","sala":"5kODHnS1MD2hYGeOc0KY"},{"timestamp":"1572463715929","nombre":"Josué Eduardo Rodríguez","mensaje":"Hola","img":"","matricula":"RPJO151978","sala":"5kODHnS1MD2hYGeOc0KY"},{"timestamp":"1572464105346","nombre":"Josué Eduardo Rodríguez","mensaje":"Hola","img":"","matricula":"RPJO151978","sala":"5kODHnS1MD2hYGeOc0KY"},{"timestamp":"1572464108637","nombre":"Josué Eduardo Rodríguez","mensaje":"adsf","img":"","matricula":"RPJO151978","sala":"5kODHnS1MD2hYGeOc0KY"},{"nombre":"Josué Eduardo Rodríguez","mensaje":null,"img":"","matricula":"RPJO151978","sala":"5kODHnS1MD2hYGeOc0KY","timestamp":"1572464113247"},{"matricula":"RPJO151978","sala":"5kODHnS1MD2hYGeOc0KY","timestamp":"1572464115917","nombre":"Josué Eduardo Rodríguez","mensaje":null,"img":""},{"sala":"5kODHnS1MD2hYGeOc0KY","timestamp":"1572464122995","nombre":"Josué Eduardo Rodríguez","mensaje":"adsfasdf","img":"","matricula":"RPJO151978"},{"nombre":"Josué Eduardo Rodríguez","mensaje":null,"img":"","matricula":"RPJO151978","sala":"5kODHnS1MD2hYGeOc0KY","timestamp":"1572464123464"},{"timestamp":"1572464189796","nombre":"Josué Eduardo Rodríguez","mensaje":null,"img":"","matricula":"RPJO151978","sala":"5kODHnS1MD2hYGeOc0KY"},{"timestamp":"1572464566610","nombre":"Josué Eduardo Rodríguez","mensaje":"hola","img":"","matricula":"RPJO151978","sala":"5kODHnS1MD2hYGeOc0KY"},{"nombre":"Josué Eduardo Rodríguez","mensaje":null,"img":"","matricula":"RPJO151978","sala":"5kODHnS1MD2hYGeOc0KY","timestamp":"1572464569656"},{"nombre":"Josué Eduardo Rodríguez","mensaje":null,"img":"","matricula":"RPJO151978","sala":"5kODHnS1MD2hYGeOc0KY","timestamp":"1572464603789"},{"img":"","matricula":"RPJO151978","sala":"5kODHnS1MD2hYGeOc0KY","timestamp":"1572464604197","nombre":"Josué Eduardo Rodríguez","mensaje":null},{"matricula":"RPJO151978","sala":"5kODHnS1MD2hYGeOc0KY","timestamp":"1572464604377","nombre":"Josué Eduardo Rodríguez","mensaje":null,"img":""},{"sala":"5kODHnS1MD2hYGeOc0KY","timestamp":"1572464724064","nombre":"Josué Eduardo Rodríguez","mensaje":null,"img":"","matricula":"RPJO151978"},{"nombre":"Josué Eduardo Rodríguez","mensaje":null,"img":"","matricula":"RPJO151978","sala":"5kODHnS1MD2hYGeOc0KY","timestamp":"1572464759409"},{"img":"","matricula":"RPJO151978","sala":"5kODHnS1MD2hYGeOc0KY","timestamp":"1572464761045","nombre":"Josué Eduardo Rodríguez","mensaje":null},{"nombre":"Josué Eduardo Rodríguez","mensaje":"hola","img":"","matricula":"RPJO151978","sala":"5kODHnS1MD2hYGeOc0KY","timestamp":"1572464792154"},{"matricula":"RPJO151978","sala":"5kODHnS1MD2hYGeOc0KY","timestamp":"1572465000507","nombre":"Josué Eduardo Rodríguez","mensaje":"hola","img":""},{"timestamp":"1572465008583","nombre":"Josué Eduardo Rodríguez","mensaje":"aqui con el click","img":"","matricula":"RPJO151978","sala":"5kODHnS1MD2hYGeOc0KY"},{"nombre":"Josué Eduardo Rodríguez","mensaje":"Hola mundo","img":"","matricula":"RPJO151978","sala":"5kODHnS1MD2hYGeOc0KY","timestamp":"1572465040894"},{"timestamp":"1572471301833","nombre":"Josué Eduardo Rodríguez","mensaje":"hola","img":"","matricula":"RPJO151978","sala":"5kODHnS1MD2hYGeOc0KY"}],"equipo":{"id":"7Nnsa2pWcaoYsHT7feU7","nombre":"PC-21"},"encuesta":{"preguntas":[{"pregunta":"¿Cómo califica la rapidez del técnico al solucionar su problema?","respuesta":9,"id":"569e778c9aad64efd143"},{"respuesta":6,"id":"139e81f55e24f500baf2","pregunta":"¿Cómo califica la solución que le dio el técnico?"},{"respuesta":1,"id":"a612b04e8a427c575385","pregunta":"Si habló por el chat, ¿cómo califica la atención del técnico?"},{"pregunta":"Si habló por el chat, ¿cómo califica la rapidez del técnico en contestarle?","respuesta":1,"id":"c4b3f73942f03accd322"},{"respuesta":2,"id":"436027d6eed8b292207e","pregunta":"Si habló por el chat, ¿cómo califica su interfaz y usabilidad?"}],"estado":2,"comentarios":""},"urgencia":{"titulo":"BAJA","id":2,"unidad":"semana","tiempo":1},"titulo":"Falla el ratón","__collections__":{}},"AbPryRgrCVQpAlcaB4kD":{"urgencia":{"id":5,"unidad":"minuto","tiempo":30,"titulo":"URGENTÍSIMO"},"titulo":"Necesito WORD","dispositivos":{"otro":null,"raton":null,"teclado":null,"software":true,"cableEthernet":null,"pantalla":null},"usuario":{"grupo":"2016-IIF-9B","nombre":"Josué Eduardo","matricula":"RPJO151978","apellidoM":"Pérez","apellidoP":"Rodríguez","rol":1},"laboratorio":"LC","comun":{"titulo":"No está instalada una aplicación que me interesa.","tipo":3,"id":5},"tipo":{"titulo":"El ratón no funciona correctamente","tipo":2,"id":3},"timestamp":"Sun Oct 27 2019","estado":1,"descripcion":"No esta instalada la paquetería de OFFICE","chat":[{"sala":"AbPryRgrCVQpAlcaB4kD","timestamp":"1572379941119","nombre":"Mr Administrador","mensaje":"Hola\n","img":"assets/images/users/1.jpg","matricula":"ADMINISTRADOR"},{"img":"","matricula":"RPJO151978","sala":"AbPryRgrCVQpAlcaB4kD","timestamp":"1572380086172","nombre":"Josué Eduardo Rodríguez","mensaje":"bbbb"},{"matricula":"RPJO151978","sala":"AbPryRgrCVQpAlcaB4kD","timestamp":"1572380107406","nombre":"Josué Eduardo Rodríguez","mensaje":"hola como estas ","img":""},{"timestamp":"1572380116229","nombre":"Mr Administrador","mensaje":"muy bien\n","img":"assets/images/users/1.jpg","matricula":"ADMINISTRADOR","sala":"AbPryRgrCVQpAlcaB4kD"},{"nombre":"Josué Eduardo Rodríguez","mensaje":"ya se envia","img":"","matricula":"RPJO151978","sala":"AbPryRgrCVQpAlcaB4kD","timestamp":"1572380125757"},{"img":"","matricula":"RPJO151978","sala":"AbPryRgrCVQpAlcaB4kD","timestamp":"1572380128568","nombre":"Josué Eduardo Rodríguez","mensaje":null},{"sala":"AbPryRgrCVQpAlcaB4kD","timestamp":"1572380154857","nombre":"Josué Eduardo Rodríguez","mensaje":"holaasss","img":"","matricula":"RPJO151978"},{"nombre":"Josué Eduardo Rodríguez","mensaje":"nnnnnnn","img":"","matricula":"RPJO151978","sala":"AbPryRgrCVQpAlcaB4kD","timestamp":"1572380175764"},{"timestamp":"1572380198424","nombre":"Mr Administrador","mensaje":"muy bien\n","img":"assets/images/users/1.jpg","matricula":"ADMINISTRADOR","sala":"AbPryRgrCVQpAlcaB4kD"},{"sala":"AbPryRgrCVQpAlcaB4kD","timestamp":"1572387873194","nombre":"Josué Eduardo Rodríguez","mensaje":"Hola","img":"","matricula":"RPJO151978"},{"timestamp":"1572395792669","nombre":"Josué Eduardo Rodríguez","mensaje":"lkajsd","img":"","matricula":"RPJO151978","sala":"AbPryRgrCVQpAlcaB4kD"},{"timestamp":"1572395842864","nombre":"Mr Administrador","mensaje":"Hola\n","img":"assets/images/users/1.jpg","matricula":"ADMINISTRADOR","sala":"AbPryRgrCVQpAlcaB4kD"},{"timestamp":"1572397021435","nombre":"Mr Administrador","mensaje":"Hola\n","img":"assets/images/users/1.jpg","matricula":"ADMINISTRADOR","sala":"AbPryRgrCVQpAlcaB4kD"},{"timestamp":"1572397028034","nombre":"Josué Eduardo Rodríguez","mensaje":"Ya esta funcionando","img":"","matricula":"RPJO151978","sala":"AbPryRgrCVQpAlcaB4kD"},{"sala":"AbPryRgrCVQpAlcaB4kD","timestamp":"1572399919035","nombre":"Mr Administrador","mensaje":"Hola\n","img":"assets/images/users/1.jpg","matricula":"ADMINISTRADOR"},{"sala":"AbPryRgrCVQpAlcaB4kD","timestamp":"1572399922486","nombre":"Josué Eduardo Rodríguez","mensaje":"Hola","img":"","matricula":"RPJO151978"},{"img":"assets/images/users/1.jpg","matricula":"ADMINISTRADOR","sala":"AbPryRgrCVQpAlcaB4kD","timestamp":"1572400284531","nombre":"Mr Administrador","mensaje":"Hola\n"},{"timestamp":"1572418397258","nombre":"Josué Eduardo Rodríguez","mensaje":"Hola","img":"","matricula":"RPJO151978","sala":"AbPryRgrCVQpAlcaB4kD"},{"timestamp":"1572418410805","nombre":"Josué Eduardo Rodríguez","mensaje":"a","img":"","matricula":"RPJO151978","sala":"AbPryRgrCVQpAlcaB4kD"},{"sala":"AbPryRgrCVQpAlcaB4kD","timestamp":"1574157722579","nombre":"Josué Eduardo Rodríguez","mensaje":"buenas tardes","img":"","matricula":"RPJO151978"},{"sala":"AbPryRgrCVQpAlcaB4kD","timestamp":"1574157744479","nombre":"Mr Administrador","mensaje":"hola buenas tardes, como puedo ayudarte?","img":"assets/images/users/1.jpg","matricula":"ADMINISTRADOR"}],"equipo":{"id":"dmpQx5uEluUIMjOVp64M","nombre":"PC-01"},"encuesta":{"estado":0,"comentarios":"","preguntas":[{"respuesta":0,"pregunta":"¿Cómo califica la rapidez del técnico al solucionar su problema?"},{"respuesta":0,"pregunta":"¿Cómo califica la solución que le dio el técnico?"},{"pregunta":"Si habló por el chat, ¿cómo califica la atención del técnico?","respuesta":0},{"respuesta":0,"pregunta":"Si habló por el chat, ¿cómo califica la rapidez del técnico en contestarle?"},{"respuesta":0,"pregunta":"Si habló por el chat, ¿cómo califica su interfaz y usabilidad?"}]},"__collections__":{}},"CFsowd2Y7GZORo05U5DU":{"timestamp":"Tue Oct 22 2019","estado":4,"descripcion":"Creo que el cable no funciona porque está conectado y no prenden los focos del teclado, ni responde ninguna tecla.","chat":[{"nombre":"Mr Administrador","mensaje":"Buen día. Soy el Administrador.\n","img":"assets/images/users/1.jpg","matricula":"ADMINISTRADOR","sala":"CFsowd2Y7GZORo05U5DU","timestamp":"1571735576268"},{"matricula":"ADMINISTRADOR","sala":"CFsowd2Y7GZORo05U5DU","timestamp":"1571769606332","nombre":"Mr Administrador","mensaje":"Otro ticket, otro chat\n","img":"assets/images/users/1.jpg"},{"matricula":"GCLO151861","sala":"CFsowd2Y7GZORo05U5DU","timestamp":"1571772078566","nombre":"Luis Fernando Gerónimo","mensaje":"asdasd\n","img":"assets/images/users/2.jpg"},{"nombre":"Mr Administrador","mensaje":"asdasd\n","img":"assets/images/users/1.jpg","matricula":"ADMINISTRADOR","sala":"CFsowd2Y7GZORo05U5DU","timestamp":"1571772081243"}],"equipo":{"nombre":"PC-03","id":"nInwPIvhZBHCAXxATagt"},"encuesta":{"preguntas":[{"pregunta":"¿Cómo califica la rapidez del técnico al solucionar su problema?","respuesta":10,"id":"569e778c9aad64efd143"},{"id":"139e81f55e24f500baf2","pregunta":"¿Cómo califica la solución que le dio el técnico?","respuesta":9},{"pregunta":"Si habló por el chat, ¿cómo califica la atención del técnico?","respuesta":10,"id":"a612b04e8a427c575385"},{"respuesta":8,"id":"c4b3f73942f03accd322","pregunta":"Si habló por el chat, ¿cómo califica la rapidez del técnico en contestarle?"},{"id":"436027d6eed8b292207e","pregunta":"Si habló por el chat, ¿cómo califica su interfaz y usabilidad?","respuesta":9}],"estado":2,"comentarios":""},"urgencia":{"id":3,"unidad":"dia","tiempo":4,"titulo":"MEDIA"},"administrador":"MRTECNICO","modificacion":"Wed Oct 30 2019","titulo":"No me funciona mi teclado","dispositivos":{"software":false,"cableEthernet":false,"pantalla":false,"otro":"","raton":false,"teclado":true},"usuario":{"apellidoM":"Carranza","apellidoP":"Gerónimo","rol":1,"grupo":"2016-IIF-9B","nombre":"Luis Fernando","matricula":"GCLO151861"},"laboratorio":"LC","comun":{"titulo":"El teclado no funciona correctamente","tipo":2,"id":4},"tipo":{"titulo":"Hardware","id":2},"__collections__":{}},"CVrQ3VirGAZ4LOeKODOg":{"usuario":{"apellidoP":"Rodríguez","rol":1,"grupo":"2016-IIF-9B","nombre":"Josué Eduardo","matricula":"RPJO151978","apellidoM":"Pérez"},"laboratorio":"LC","comun":{"titulo":"El ratón no funciona correctamente","tipo":2,"id":3},"tipo":{"titulo":"El ratón no funciona correctamente","tipo":2,"id":3},"timestamp":"Sun Oct 27 2019","estado":1,"descripcion":"Creo que me falta arreglar el [Object Object]","chat":[{"nombre":"Josué Eduardo Rodríguez","mensaje":"hola","img":"","matricula":"RPJO151978","sala":"CVrQ3VirGAZ4LOeKODOg","timestamp":"1574156707583"}],"equipo":{"nombre":"PC-21","id":"7Nnsa2pWcaoYsHT7feU7"},"encuesta":{"estado":0,"comentarios":"","preguntas":[{"pregunta":"¿Cómo califica la rapidez del técnico al solucionar su problema?","respuesta":0},{"respuesta":0,"pregunta":"¿Cómo califica la solución que le dio el técnico?"},{"respuesta":0,"pregunta":"Si habló por el chat, ¿cómo califica la atención del técnico?"},{"pregunta":"Si habló por el chat, ¿cómo califica la rapidez del técnico en contestarle?","respuesta":0},{"pregunta":"Si habló por el chat, ¿cómo califica su interfaz y usabilidad?","respuesta":0}]},"urgencia":{"tiempo":4,"titulo":"MEDIA","id":3,"unidad":"dia"},"titulo":"HOla","dispositivos":{"teclado":true,"software":false,"cableEthernet":false,"pantalla":false,"otro":"Todoos los OBJECT!!!!","raton":false},"__collections__":{}},"GCFWuP4nYC2RHjZM6790":{"chat":[],"equipo":{"nombre":"PC-10","id":"9blfqksp8WfZMUiOPwtk"},"encuesta":{"estado":0,"comentarios":"","preguntas":[{"pregunta":"¿Cómo califica la rapidez del técnico al solucionar su problema?","respuesta":0},{"respuesta":0,"pregunta":"¿Cómo califica la solución que le dio el técnico?"},{"respuesta":0,"pregunta":"Si habló por el chat, ¿cómo califica la atención del técnico?"},{"respuesta":0,"pregunta":"Si habló por el chat, ¿cómo califica la rapidez del técnico en contestarle?"},{"respuesta":0,"pregunta":"Si habló por el chat, ¿cómo califica su interfaz y usabilidad?"}]},"urgencia":{"tiempo":3,"titulo":"ALTA","id":4,"unidad":"hora"},"titulo":"Prueba 2","dispositivos":{"software":false,"cableEthernet":false,"pantalla":true,"otro":"Otro","raton":false,"teclado":false},"usuario":{"matricula":"RPJO151978","apellidoM":"Pérez","apellidoP":"Rodríguez","rol":1,"grupo":"2016-IIF-9B","nombre":"Josué Eduardo"},"laboratorio":"LS1","comun":{"titulo":"El ratón no funciona correctamente","tipo":2,"id":3},"tipo":{"titulo":"El teclado no funciona correctamente","tipo":2,"id":4},"timestamp":"Sun Oct 27 2019","estado":1,"descripcion":"Descripción","__collections__":{}},"Oho1hqVLc9iInwAi7c7x":{"encuesta":{"preguntas":[],"estado":0},"urgencia":{"titulo":"URGENTÍSIMO","id":5,"unidad":"minuto","tiempo":30},"titulo":"Fornite","dispositivos":{"otro":"","raton":false,"teclado":false,"software":true,"cableEthernet":false,"pantalla":false},"usuario":{"apellidoP":"Rodríguez","rol":1,"grupo":"2016-IIF-9B","nombre":"Josué Eduardo","matricula":"RPJO151978","apellidoM":"Pérez"},"laboratorio":"LC","comun":{"titulo":"No está instalada una aplicación que me interesa.","tipo":3,"id":5},"tipo":{"id":3,"titulo":"Software"},"timestamp":"Thu Oct 31 2019","estado":1,"descripcion":"Cuando decidí usar el equipo para pulir mis habilidades, no encontré la aplicación","chat":[{"nombre":"Josué Eduardo Rodríguez","mensaje":"Hola","img":"assets/images/users/2.jpg","matricula":"RPJO151978","sala":"Oho1hqVLc9iInwAi7c7x","timestamp":"1572539357128"},{"sala":"Oho1hqVLc9iInwAi7c7x","timestamp":"1572539420166","nombre":"Mr Administrador","mensaje":"Hola!\n","img":"assets/images/users/1.jpg","matricula":"ADMINISTRADOR"},{"sala":"Oho1hqVLc9iInwAi7c7x","timestamp":"1572539482972","nombre":"Mr Administrador","mensaje":"Lamentablemente aún no esta disponible la aplicación que requiere... Además debería estar en clase joven\n","img":"assets/images/users/1.jpg","matricula":"ADMINISTRADOR"},{"nombre":"Josué Eduardo Rodríguez","mensaje":"Ok. Mi horario dice \"Práctica\", eso hago.","img":"assets/images/users/2.jpg","matricula":"RPJO151978","sala":"Oho1hqVLc9iInwAi7c7x","timestamp":"1572539764882"},{"nombre":"Mr Administrador","mensaje":"jaja Gracias por usar Upperlab\n","img":"assets/images/users/1.jpg","matricula":"ADMINISTRADOR","sala":"Oho1hqVLc9iInwAi7c7x","timestamp":"1572539802031"},{"matricula":"RPJO151978","sala":"Oho1hqVLc9iInwAi7c7x","timestamp":"1572539842911","nombre":"Josué Eduardo Rodríguez","mensaje":"Gracias a usted.","img":"assets/images/users/2.jpg"}],"equipo":{"id":"3GnBhnNf6GJj5FP5NXek","nombre":"PC-20"},"__collections__":{}},"SpOFkMLWIvYPTS2ku7je":{"timestamp":"Tue Oct 22 2019","estado":3,"descripcion":"Descripción ","chat":[{"nombre":"Luis Fernando Gerónimo","mensaje":"Buenos días. Necesito ayuda con este ticket.\n","img":"assets/images/users/2.jpg","matricula":"GCLO151861","sala":"SpOFkMLWIvYPTS2ku7je","timestamp":"1571770451446"}],"equipo":{"nombre":"PC-03","id":"nInwPIvhZBHCAXxATagt"},"encuesta":{"estado":2,"comentarios":"","preguntas":[{"id":"569e778c9aad64efd143","pregunta":"¿Cómo califica la rapidez del técnico al solucionar su problema?","respuesta":10},{"respuesta":10,"id":"139e81f55e24f500baf2","pregunta":"¿Cómo califica la solución que le dio el técnico?"},{"respuesta":10,"id":"a612b04e8a427c575385","pregunta":"Si habló por el chat, ¿cómo califica la atención del técnico?"},{"id":"c4b3f73942f03accd322","pregunta":"Si habló por el chat, ¿cómo califica la rapidez del técnico en contestarle?","respuesta":10},{"respuesta":9,"id":"436027d6eed8b292207e","pregunta":"Si habló por el chat, ¿cómo califica su interfaz y usabilidad?"}]},"urgencia":{"titulo":"URGENTÍSIMO","id":5,"unidad":"minuto","tiempo":30},"administrador":"ADMINISTRADOR","modificacion":"Wed Oct 30 2019","titulo":"Ticket nuevo","dispositivos":{"software":false,"cableEthernet":false,"pantalla":false,"otro":"Otro componente...","raton":false,"teclado":false},"usuario":{"matricula":"GCLO151861","apellidoM":"Carranza","apellidoP":"Gerónimo","rol":1,"grupo":"2016-IIF-9B","nombre":"Luis Fernando"},"laboratorio":"LC","comun":{"titulo":"Otro","tipo":4,"id":6},"tipo":{"titulo":"Otro","id":4},"__collections__":{}},"UorwUmFqUCeZunkPT6VL":{"descripcion":"asd","chat":[],"equipo":{"id":"dmpQx5uEluUIMjOVp64M","nombre":"PC-01"},"encuesta":{"comentarios":"","preguntas":[{"respuesta":9,"id":"569e778c9aad64efd143","pregunta":"¿Cómo califica la rapidez del técnico al solucionar su problema?"},{"respuesta":10,"id":"139e81f55e24f500baf2","pregunta":"¿Cómo califica la solución que le dio el técnico?"},{"respuesta":6,"id":"a612b04e8a427c575385","pregunta":"Si habló por el chat, ¿cómo califica la atención del técnico?"},{"respuesta":4,"id":"c4b3f73942f03accd322","pregunta":"Si habló por el chat, ¿cómo califica la rapidez del técnico en contestarle?"},{"respuesta":8,"id":"436027d6eed8b292207e","pregunta":"Si habló por el chat, ¿cómo califica su interfaz y usabilidad?"}],"estado":2},"urgencia":{"titulo":"BAJA","id":2,"unidad":"semana","tiempo":1},"titulo":"asda","dispositivos":{"software":false,"cableEthernet":false,"pantalla":false,"otro":"","raton":false,"teclado":true},"usuario":{"grupo":"2016-IIF-9B","nombre":"Josué Eduardo","matricula":"RPJO151978","apellidoM":"Pérez","apellidoP":"Rodríguez","rol":1},"laboratorio":"LC","comun":{"titulo":"","tipo":0,"id":0},"tipo":{"titulo":"Hardware","id":2},"timestamp":"Sat Oct 19 2019","estado":1,"__collections__":{}},"VVFGUgGLAkCz6y3JwlVO":{"descripcion":"Raton no funcional","chat":[],"equipo":{"nombre":"PC-20","id":"3GnBhnNf6GJj5FP5NXek"},"encuesta":{"estado":0,"comentarios":"","preguntas":[{"respuesta":0,"pregunta":"¿Cómo califica la rapidez del técnico al solucionar su problema?"},{"pregunta":"¿Cómo califica la solución que le dio el técnico?","respuesta":0},{"pregunta":"Si habló por el chat, ¿cómo califica la atención del técnico?","respuesta":0},{"pregunta":"Si habló por el chat, ¿cómo califica la rapidez del técnico en contestarle?","respuesta":0},{"respuesta":0,"pregunta":"Si habló por el chat, ¿cómo califica su interfaz y usabilidad?"}]},"urgencia":{"titulo":"MEDIA","id":3,"unidad":"dia","tiempo":4},"titulo":"no funciona el raton","dispositivos":{"software":false,"cableEthernet":false,"pantalla":false,"otro":"","raton":true,"teclado":false},"usuario":{"apellidoM":"Pérez","apellidoP":"Rodríguez","rol":1,"grupo":"2016-IIF-9B","nombre":"Josué Eduardo","matricula":"RPJO151978"},"laboratorio":"LC","comun":{"id":3,"titulo":"El ratón no funciona correctamente","tipo":2},"tipo":{"titulo":"No hay conexión a Internet","tipo":2,"id":2},"timestamp":"Tue Nov 19 2019","estado":1,"__collections__":{}},"a70SKSj2XUD24fKExlUV":{"timestamp":"Sat Oct 26 2019","estado":3,"descripcion":"El teclado no está funcionando para nada.","chat":[],"equipo":{"nombre":"PC-09","id":"3FPCfvjJbkRRmgNEL8wP"},"encuesta":{"preguntas":[{"pregunta":"¿Cómo califica la rapidez del técnico al solucionar su problema?","respuesta":9,"id":"569e778c9aad64efd143"},{"respuesta":9,"id":"139e81f55e24f500baf2","pregunta":"¿Cómo califica la solución que le dio el técnico?"},{"respuesta":10,"id":"a612b04e8a427c575385","pregunta":"Si habló por el chat, ¿cómo califica la atención del técnico?"},{"id":"c4b3f73942f03accd322","pregunta":"Si habló por el chat, ¿cómo califica la rapidez del técnico en contestarle?","respuesta":8},{"respuesta":10,"id":"436027d6eed8b292207e","pregunta":"Si habló por el chat, ¿cómo califica su interfaz y usabilidad?"}],"estado":2,"comentarios":""},"urgencia":{"tiempo":30,"titulo":"URGENTÍSIMO","id":5,"unidad":"minuto"},"administrador":"ADMINISTRADOR","modificacion":"Wed Oct 30 2019","titulo":"Mi teclado no funciona","dispositivos":{"teclado":true,"software":false,"cableEthernet":false,"pantalla":false,"otro":"","raton":false},"usuario":{"grupo":"2016-IIF-9B","nombre":"Luis Fernando","matricula":"GCLO151861","apellidoM":"Carranza","apellidoP":"Gerónimo","rol":1},"laboratorio":"LS1","comun":{"titulo":"El teclado no funciona correctamente","tipo":2,"id":4},"tipo":{"titulo":"Hardware","id":2},"__collections__":{}},"aum4szTT4IP0tQnmsn2i":{"descripcion":"Desde que la prendí no he podido acceder a Internet.","chat":[{"timestamp":"1574112207564","nombre":"Mr Administrador","mensaje":"Buen día ","img":"assets/images/users/1.jpg","matricula":"ADMINISTRADOR","sala":"aum4szTT4IP0tQnmsn2i"}],"equipo":{"id":"BxBYkRSZlHQwwAfmWwxC","nombre":"PC-15"},"encuesta":{"estado":1,"preguntas":[]},"urgencia":{"titulo":"BAJA","id":2,"unidad":"semana","tiempo":1},"administrador":"ADMINISTRADOR","modificacion":"Mon Nov 18 2019","titulo":"Mi computadora no tiene internet.","dispositivos":{"teclado":false,"software":false,"cableEthernet":true,"pantalla":false,"otro":"","raton":false},"usuario":{"apellidoP":"Gerónimo","rol":1,"grupo":"2016-IIF-9B","nombre":"Luis Fernando","matricula":"GCLO151861","apellidoM":"Carranza"},"laboratorio":"LC","comun":{"titulo":"No hay conexión a Internet","tipo":2,"id":2},"tipo":{"titulo":"Otro","id":4},"timestamp":"Mon Nov 18 2019","estado":3,"__collections__":{}},"fB8mOHZOukUYjXlcoJqt":{"encuesta":{"estado":2,"comentarios":"","preguntas":[{"pregunta":"¿Cómo califica la rapidez del técnico al solucionar su problema?","respuesta":10,"id":"569e778c9aad64efd143"},{"pregunta":"¿Cómo califica la solución que le dio el técnico?","respuesta":9,"id":"139e81f55e24f500baf2"},{"pregunta":"Si habló por el chat, ¿cómo califica la atención del técnico?","respuesta":10,"id":"a612b04e8a427c575385"},{"pregunta":"Si habló por el chat, ¿cómo califica la rapidez del técnico en contestarle?","respuesta":9,"id":"c4b3f73942f03accd322"},{"respuesta":10,"id":"436027d6eed8b292207e","pregunta":"Si habló por el chat, ¿cómo califica su interfaz y usabilidad?"}]},"urgencia":{"id":4,"unidad":"hora","tiempo":3,"titulo":"ALTA"},"administrador":"MRTECNICO","modificacion":"Wed Oct 30 2019","titulo":"titulo","dispositivos":{"software":false,"cableEthernet":false,"pantalla":true,"otro":"","raton":false,"teclado":true},"usuario":{"grupo":"2016-IIF-9B","nombre":"Luis Fernando","matricula":"GCLO151861","apellidoM":"Carranza","apellidoP":"Gerónimo","rol":1},"laboratorio":"LC","comun":{"id":4,"titulo":"El teclado no funciona correctamente","tipo":2},"tipo":{"titulo":"Hardware","id":2},"timestamp":"Tue Oct 22 2019","estado":3,"descripcion":"descrip","chat":[],"equipo":{"nombre":"PC-02","id":"m8IExJr5SgMXwTN5MGLL"},"__collections__":{}},"l8t5XuZ75P7wuhO5HRJR":{"urgencia":{"titulo":"BAJA","id":2,"unidad":"semana","tiempo":1},"titulo":"La PC no reconoce el Internet","dispositivos":{"software":false,"cableEthernet":true,"pantalla":false,"otro":" ","raton":false,"teclado":false},"usuario":{"apellidoM":"Pérez","apellidoP":"Rodríguez","rol":1,"grupo":"2016-IIF-9B","nombre":"Josué Eduardo","matricula":"RPJO151978"},"laboratorio":"LC","comun":{"titulo":"No hay conexión a Internet","tipo":2,"id":2},"tipo":{"titulo":"Hardware","id":2},"timestamp":"Tue Oct 22 2019","estado":1,"descripcion":"No hay Internet desde que la prendí.","chat":[],"equipo":{"nombre":"PC-03","id":"nInwPIvhZBHCAXxATagt"},"encuesta":{"preguntas":[{"pregunta":"¿Cómo califica la rapidez del técnico al solucionar su problema?","respuesta":0},{"respuesta":0,"pregunta":"¿Cómo califica la solución que le dio el técnico?"},{"respuesta":0,"pregunta":"Si habló por el chat, ¿cómo califica la atención del técnico?"},{"respuesta":0,"pregunta":"Si habló por el chat, ¿cómo califica la rapidez del técnico en contestarle?"},{"pregunta":"Si habló por el chat, ¿cómo califica su interfaz y usabilidad?","respuesta":0}],"estado":0,"comentarios":""},"__collections__":{}},"o6wlt96OtMwFkLTB7kJE":{"timestamp":"Tue Nov 19 2019","estado":1,"descripcion":"El teclado no escribe las teclas","chat":[],"equipo":{"nombre":"PC-20","id":"3GnBhnNf6GJj5FP5NXek"},"encuesta":{"preguntas":[],"estado":0},"urgencia":{"id":3,"unidad":"dia","tiempo":4,"titulo":"MEDIA"},"titulo":"No funciona el teclado","dispositivos":{"teclado":true,"software":false,"cableEthernet":false,"pantalla":false,"otro":"","raton":false},"usuario":{"matricula":"RPJO151978","apellidoM":"Pérez","apellidoP":"Rodríguez","rol":1,"grupo":"2016-IIF-9B","nombre":"Josué Eduardo"},"laboratorio":"LC","comun":{"titulo":"El teclado no funciona correctamente","tipo":2,"id":4},"tipo":{"titulo":"Hardware","id":2},"__collections__":{}},"qgutnh4dNwJ2lK5qgP6g":{"usuario":{"grupo":"2016-IIF-9B","nombre":"Luis Fernando","matricula":"GCLO151861","apellidoM":"Carranza","apellidoP":"Gerónimo","rol":1},"laboratorio":"LC","comun":{"id":3,"titulo":"El ratón no funciona correctamente","tipo":2},"tipo":{"titulo":"Hardware","id":2},"timestamp":"Tue Oct 22 2019","estado":5,"descripcion":"DESCRIPCIÓN DEL RATÓN","chat":[{"sala":"qgutnh4dNwJ2lK5qgP6g","timestamp":"1571771963275","nombre":"Luis Fernando Gerónimo","mensaje":"Hola\n","img":"assets/images/users/2.jpg","matricula":"GCLO151861"},{"sala":"qgutnh4dNwJ2lK5qgP6g","timestamp":"1571772007896","nombre":"Mr Administrador","mensaje":"Buenos días.\n","img":"assets/images/users/1.jpg","matricula":"ADMINISTRADOR"},{"img":"assets/images/users/1.jpg","matricula":"ADMINISTRADOR","sala":"qgutnh4dNwJ2lK5qgP6g","timestamp":"1571772020976","nombre":"Mr Administrador","mensaje":"¿En qué puedo ayudarte?\n"},{"timestamp":"1571772086931","nombre":"Luis Fernando Gerónimo","mensaje":"asdasdad\n","img":"assets/images/users/2.jpg","matricula":"GCLO151861","sala":"qgutnh4dNwJ2lK5qgP6g"}],"equipo":{"nombre":"PC-03","id":"nInwPIvhZBHCAXxATagt"},"encuesta":{"comentarios":"","preguntas":[{"id":"569e778c9aad64efd143","pregunta":"¿Cómo califica la rapidez del técnico al solucionar su problema?","respuesta":7},{"pregunta":"¿Cómo califica la solución que le dio el técnico?","respuesta":9,"id":"139e81f55e24f500baf2"},{"respuesta":5,"id":"a612b04e8a427c575385","pregunta":"Si habló por el chat, ¿cómo califica la atención del técnico?"},{"id":"c4b3f73942f03accd322","pregunta":"Si habló por el chat, ¿cómo califica la rapidez del técnico en contestarle?","respuesta":7},{"respuesta":9,"id":"436027d6eed8b292207e","pregunta":"Si habló por el chat, ¿cómo califica su interfaz y usabilidad?"}],"estado":1},"urgencia":{"id":4,"unidad":"hora","tiempo":3,"titulo":"ALTA"},"administrador":"ADMINISTRADOR","modificacion":"Wed Oct 30 2019","titulo":"TICKET DEL RATÓN","dispositivos":{"software":false,"cableEthernet":false,"pantalla":false,"otro":"","raton":true,"teclado":false},"__collections__":{}},"rWfDEw2bLD4yW9r7WSmf":{"tipo":{"titulo":"Hardware","id":2},"timestamp":"Tue Oct 22 2019","estado":1,"descripcion":"ASDASD","chat":[],"equipo":{"nombre":"PC-03","id":"nInwPIvhZBHCAXxATagt"},"encuesta":{"estado":1,"comentarios":"","preguntas":[{"respuesta":8,"id":"569e778c9aad64efd143","pregunta":"¿Cómo califica la rapidez del técnico al solucionar su problema?"},{"pregunta":"¿Cómo califica la solución que le dio el técnico?","respuesta":9,"id":"139e81f55e24f500baf2"},{"id":"a612b04e8a427c575385","pregunta":"Si habló por el chat, ¿cómo califica la atención del técnico?","respuesta":7},{"pregunta":"Si habló por el chat, ¿cómo califica la rapidez del técnico en contestarle?","respuesta":10,"id":"c4b3f73942f03accd322"},{"respuesta":5,"id":"436027d6eed8b292207e","pregunta":"Si habló por el chat, ¿cómo califica su interfaz y usabilidad?"}]},"urgencia":{"tiempo":3,"titulo":"ALTA","id":4,"unidad":"hora"},"titulo":"ASDASD","dispositivos":{"teclado":true,"software":false,"cableEthernet":false,"pantalla":false,"otro":"","raton":false},"usuario":{"grupo":"2016-IIF-9B","nombre":"Josué Eduardo","matricula":"RPJO151978","apellidoM":"Pérez","apellidoP":"Rodríguez","rol":1},"laboratorio":"LC","comun":{"titulo":"El teclado no funciona correctamente","tipo":2,"id":4},"__collections__":{}},"zfG05HO9WaJkeDWvOuDy":{"usuario":{"matricula":"GCLO151861","apellidoM":"Carranza","apellidoP":"Gerónimo","rol":1,"grupo":"2016-IIF-9B","nombre":"Luis Fernando"},"laboratorio":"LC","comun":{"id":5,"titulo":"No está instalada una aplicación que me interesa.","tipo":3},"tipo":{"titulo":"Software","id":3},"timestamp":"Sat Oct 26 2019","estado":1,"descripcion":"Necesito el software para hacer un trabajo.","chat":[],"equipo":{"id":"nInwPIvhZBHCAXxATagt","nombre":"PC-03"},"encuesta":{"comentarios":"","preguntas":[{"pregunta":"¿Cómo califica la rapidez del técnico al solucionar su problema?","respuesta":0},{"pregunta":"¿Cómo califica la solución que le dio el técnico?","respuesta":0},{"respuesta":0,"pregunta":"Si habló por el chat, ¿cómo califica la atención del técnico?"},{"pregunta":"Si habló por el chat, ¿cómo califica la rapidez del técnico en contestarle?","respuesta":0},{"respuesta":0,"pregunta":"Si habló por el chat, ¿cómo califica su interfaz y usabilidad?"}],"estado":0},"urgencia":{"titulo":"MEDIA","id":3,"unidad":"dia","tiempo":4},"titulo":"Necesito Photoshop","dispositivos":{"otro":"","raton":false,"teclado":false,"software":true,"cableEthernet":false,"pantalla":false},"__collections__":{}}}